image,score,x1,y1,x2,y2,tp50,iou50,gt50,tp75,max_iou_any_gt,status
DJI_20250511174641_0620_D_tile_0029_x3040_y1824,0.87316,543.599,514.827,639.431,598.292,False,0.0,-1,False,0.0,bgFP
DJI_20250511174635_0617_D_tile_0041_x608_y3040,0.86543,449.505,560.208,512.732,639.774,False,0.0,-1,False,0.0,bgFP
DJI_20250511174635_0617_D_tile_0041_x608_y3040,0.86131,524.269,564.983,639.2090000000001,638.963,False,0.0,-1,False,0.0,bgFP
DJI_20250511173417_0291_D_tile_0010_x1216_y608,0.85365,1.544,571.407,68.356,639.9150000000001,False,0.0,-1,False,0.0,bgFP
DJI_20250511173423_0294_D_tile_0062_x4640_y3316,0.85273,332.541,31.794,474.476,141.048,False,0.0,-1,False,0.0,bgFP
DJI_20250511173415_0290_D_tile_0014_x3648_y608,0.85064,483.078,565.165,562.242,639.591,False,0.0,-1,False,0.0,bgFP
DJI_20250511174637_0618_D_tile_0030_x3648_y1824,0.83944,423.445,288.735,496.723,349.79200000000003,False,0.0,-1,False,0.0,bgFP
DJI_20250511173427_0296_D_tile_0041_x608_y3040,0.83702,587.693,111.209,639.625,236.389,False,0.0,-1,False,0.0001280951095693,bgFP
DJI_20250511173955_0444_D_tile_0035_x1824_y2432,0.82782,380.611,481.329,448.114,592.818,False,0.0,-1,False,0.0,bgFP
DJI_20250511173421_0293_D_tile_0010_x1216_y608,0.82178,33.464,9.003,182.943,126.018,False,0.0,-1,False,0.0,bgFP
DJI_20250511173421_0293_D_tile_0009_x608_y608,0.82159,382.51,1.628,517.026,131.89899999999997,False,0.0,-1,False,0.0,bgFP
DJI_20250511174633_0616_D_tile_0057_x1824_y3316,0.8203,542.63,485.807,639.521,548.419,False,0.0,-1,False,0.0,bgFP
DJI_20250511173415_0290_D_tile_0055_x608_y3316,0.82,592.809,499.589,639.391,629.678,False,0.0,-1,False,0.0,bgFP
DJI_20250511173417_0291_D_tile_0032_x0_y2432,0.81936,584.394,568.841,639.687,639.842,False,0.0,-1,False,0.0,bgFP
DJI_20250511173415_0290_D_tile_0039_x4256_y2432,0.81521,26.028,404.466,206.462,571.275,False,0.0,-1,False,0.0,bgFP
DJI_20250511173423_0294_D_tile_0040_x0_y3040,0.813,458.373,519.501,638.199,639.747,False,0.0,-1,False,0.0,bgFP
DJI_20250511174635_0617_D_tile_0003_x1824_y0,0.81121,436.185,422.04,489.587,510.828,False,0.0,-1,False,0.0,bgFP
DJI_20250511174635_0617_D_tile_0029_x3040_y1824,0.809,0.62,357.9,43.109,409.532,False,0.0,-1,False,0.0,bgFP
DJI_20250511173421_0293_D_tile_0029_x3040_y1824,0.80758,209.571,566.503,275.875,640.0,False,0.0,-1,False,0.0,bgFP
DJI_20250511173433_0299_D_tile_0028_x2432_y1824,0.80457,344.029,472.247,499.302,625.9970000000001,False,0.0,-1,False,0.0,bgFP
DJI_20250511173425_0295_D_tile_0050_x4640_y1216,0.80443,487.973,335.376,635.782,426.306,False,0.0,-1,False,0.0865750977696083,bgFP
DJI_20250511173955_0444_D_tile_0058_x2432_y3316,0.80323,313.753,526.726,411.559,597.508,False,0.0,-1,False,0.0,bgFP
DJI_20250511174649_0624_D_tile_0003_x1824_y0,0.80231,0.829,582.509,34.255,639.943,False,0.0,-1,False,0.0,bgFP
DJI_20250511173421_0293_D_tile_0006_x3648_y0,0.80179,159.604,351.252,214.29,429.465,False,0.0,-1,False,0.0,bgFP
DJI_20250511174635_0617_D_tile_0005_x3040_y0,0.79986,0.762,469.133,37.598,517.3109999999999,False,0.0,-1,False,0.0,bgFP
DJI_20250511174639_0619_D_tile_0008_x0_y608,0.79909,563.19,516.688,639.9490000000001,619.634,False,0.0,-1,False,0.0223466714652638,bgFP
DJI_20250511173425_0295_D_tile_0047_x4256_y3040,0.79713,445.737,547.543,606.923,639.923,False,0.0,-1,False,0.0,bgFP
DJI_20250511173955_0444_D_tile_0035_x1824_y2432,0.79356,107.512,466.242,239.008,571.7860000000001,False,0.0,-1,False,0.0,bgFP
DJI_20250511174637_0618_D_tile_0038_x3648_y2432,0.79341,46.828,337.931,90.649,443.945,False,0.0,-1,False,0.0061092616824184,bgFP
DJI_20250511174637_0618_D_tile_0016_x0_y1216,0.7894,435.354,422.44,548.799,481.105,False,0.0,-1,False,0.0286226010767404,bgFP
DJI_20250511174635_0617_D_tile_0047_x4256_y3040,0.78554,376.162,135.266,411.585,176.70999999999998,False,0.0,-1,False,0.0,bgFP
DJI_20250511173423_0294_D_tile_0015_x4256_y608,0.78192,580.611,599.142,639.595,639.777,False,0.0,-1,False,0.0,bgFP
DJI_20250511174637_0618_D_tile_0052_x4640_y2432,0.77828,192.07,422.03,320.66700000000003,497.426,False,0.0,-1,False,0.0860499638965867,bgFP
DJI_20250511173417_0291_D_tile_0005_x3040_y0,0.77765,1.208,301.539,36.976,393.396,False,0.0,-1,False,0.0,bgFP
DJI_20250511174635_0617_D_tile_0042_x1216_y3040,0.7715,52.266,36.348,87.556,71.34100000000001,False,0.0,-1,False,0.0,bgFP
DJI_20250511174639_0619_D_tile_0031_x4256_y1824,0.76811,577.126,591.775,623.8199999999999,639.8009999999999,False,0.0,-1,False,0.0,bgFP
DJI_20250511174629_0614_D_tile_0044_x2432_y3040,0.76736,259.398,584.698,289.14500000000004,639.785,False,0.0,-1,False,0.0,bgFP
DJI_20250511174643_0621_D_tile_0043_x1824_y3040,0.76706,298.534,0.899,333.898,40.506,False,0.0,-1,False,0.0,bgFP
DJI_20250511173419_0292_D_tile_0011_x1824_y608,0.76691,477.986,209.149,529.7379999999999,283.069,False,0.0,-1,False,0.0,bgFP
DJI_20250511173425_0295_D_tile_0053_x4640_y3040,0.76653,61.454,547.596,222.93,639.849,False,0.0,-1,False,0.0,bgFP
DJI_20250511174631_0615_D_tile_0016_x0_y1216,0.76569,226.441,227.321,291.108,269.722,False,0.0,-1,False,0.0,bgFP
DJI_20250511174633_0616_D_tile_0047_x4256_y3040,0.76331,0.543,1.028,34.602,57.41,False,0.0,-1,False,0.0,bgFP
DJI_20250511173415_0290_D_tile_0057_x1824_y3316,0.75929,0.478,468.969,72.484,509.855,False,0.0,-1,False,0.0,bgFP
DJI_20250511174637_0618_D_tile_0046_x3648_y3040,0.75629,363.012,444.797,399.964,514.671,False,0.0,-1,False,0.0,bgFP
DJI_20250511173417_0291_D_tile_0017_x608_y1216,0.75597,0.786,123.07,50.733,149.006,False,0.0,-1,False,0.0,bgFP
DJI_20250511174649_0624_D_tile_0061_x4256_y3316,0.75093,117.666,588.699,159.613,639.531,False,0.0,-1,False,0.0,bgFP
DJI_20250511174635_0617_D_tile_0041_x608_y3040,0.75089,11.806,0.815,93.15,61.447,False,0.0,-1,False,0.0,bgFP
DJI_20250511173415_0290_D_tile_0008_x0_y608,0.75015,602.788,398.664,639.588,426.873,False,0.0,-1,False,0.0,bgFP
DJI_20250511173423_0294_D_tile_0003_x1824_y0,0.74988,380.473,531.36,437.912,639.9590000000001,False,0.0,-1,False,0.0,bgFP
DJI_20250511173423_0294_D_tile_0040_x0_y3040,0.74781,442.571,1.012,547.942,39.291,False,0.0,-1,False,0.0,bgFP
DJI_20250511174633_0616_D_tile_0038_x3648_y2432,0.74631,0.404,328.312,68.172,391.038,False,0.0,-1,False,0.0,bgFP
DJI_20250511174635_0617_D_tile_0030_x3648_y1824,0.74464,245.007,258.485,275.847,309.611,False,0.0,-1,False,0.0,bgFP
DJI_20250511174639_0619_D_tile_0013_x3040_y608,0.74457,574.004,530.705,639.544,564.181,False,0.0,-1,False,0.0,bgFP
DJI_20250511174627_0613_D_tile_0032_x0_y2432,0.74398,258.578,184.641,381.255,313.047,False,0.0,-1,False,0.056815830351556,bgFP
DJI_20250511174639_0619_D_tile_0015_x4256_y608,0.74133,198.223,605.106,280.033,639.636,False,0.0,-1,False,0.0,bgFP
DJI_20250511173941_0437_D_tile_0062_x4640_y3316,0.74094,367.431,581.982,488.928,638.053,False,0.0,-1,False,0.0,bgFP
DJI_20250511173423_0294_D_tile_0014_x3648_y608,0.74083,249.943,255.58,303.60900000000004,315.267,False,0.0,-1,False,0.0672410472403808,bgFP
DJI_20250511173417_0291_D_tile_0017_x608_y1216,0.73896,565.289,48.329,639.412,81.67099999999999,False,0.0,-1,False,0.0,bgFP
DJI_20250511174633_0616_D_tile_0006_x3648_y0,0.73813,276.057,300.544,319.76,344.031,False,0.0,-1,False,0.0,bgFP
DJI_20250511174649_0624_D_tile_0061_x4256_y3316,0.73632,433.961,609.217,502.893,639.641,False,0.0,-1,False,0.0,bgFP
DJI_20250511173419_0292_D_tile_0000_x0_y0,0.73416,546.593,537.542,639.572,630.201,False,0.0,-1,False,0.0,bgFP
DJI_20250511173955_0444_D_tile_0059_x3040_y3316,0.7334,332.216,114.298,365.647,147.913,False,0.0,-1,False,0.0,bgFP
DJI_20250511174635_0617_D_tile_0003_x1824_y0,0.73287,309.684,1.159,377.354,41.229,False,0.0,-1,False,0.0,bgFP
DJI_20250511174635_0617_D_tile_0032_x0_y2432,0.72989,605.374,581.351,639.561,639.604,False,0.0,-1,False,0.0,bgFP
DJI_20250511173429_0297_D_tile_0051_x4640_y1824,0.72968,89.877,70.165,134.583,107.05,False,0.0,-1,False,0.0,bgFP
DJI_20250511173957_0445_D_tile_0006_x3648_y0,0.72926,472.648,565.184,578.683,629.341,False,0.0,-1,False,0.0,bgFP
DJI_20250511173423_0294_D_tile_0040_x0_y3040,0.72853,355.089,564.486,416.083,640.0,False,0.0,-1,False,0.0,bgFP
DJI_20250511173425_0295_D_tile_0038_x3648_y2432,0.72793,586.374,512.451,639.415,541.201,False,0.0,-1,False,0.0,bgFP
DJI_20250511174635_0617_D_tile_0054_x0_y3316,0.72746,185.188,388.741,239.528,435.349,False,0.0,-1,False,0.0,bgFP
DJI_20250511173431_0298_D_tile_0004_x2432_y0,0.72306,396.596,234.985,522.918,336.358,False,0.0,-1,False,0.0,bgFP
DJI_20250511173953_0443_D_tile_0055_x608_y3316,0.72071,214.075,359.902,251.94,395.889,False,0.0,-1,False,0.012559549870826,bgFP
DJI_20250511174635_0617_D_tile_0002_x1216_y0,0.71975,545.337,448.69,635.026,518.788,False,0.0,-1,False,0.0,bgFP
DJI_20250511173431_0298_D_tile_0033_x608_y2432,0.71872,353.977,90.015,391.229,114.657,False,0.0,-1,False,0.0,bgFP
DJI_20250511174633_0616_D_tile_0008_x0_y608,0.71822,0.87,306.905,59.092,351.199,False,0.0,-1,False,0.0603026408803836,bgFP
DJI_20250511173431_0298_D_tile_0049_x4640_y608,0.71672,0.479,70.896,62.962,164.34,False,0.0,-1,False,0.0,bgFP
DJI_20250511173423_0294_D_tile_0008_x0_y608,0.71631,0.38,211.39,90.456,287.358,False,0.0,-1,False,0.0,bgFP
DJI_20250511173429_0297_D_tile_0002_x1216_y0,0.71599,136.009,539.714,180.334,639.888,False,0.0,-1,False,0.0,bgFP
DJI_20250511174641_0620_D_tile_0004_x2432_y0,0.71555,96.34,95.861,131.17000000000002,127.548,False,0.0,-1,False,0.0288084354581396,bgFP
DJI_20250511174637_0618_D_tile_0000_x0_y0,0.71186,612.197,438.373,639.719,471.065,False,0.0,-1,False,0.0,bgFP
DJI_20250511174635_0617_D_tile_0050_x4640_y1216,0.71148,458.755,526.948,491.612,573.544,False,0.0,-1,False,0.0,bgFP
DJI_20250511174633_0616_D_tile_0031_x4256_y1824,0.7108,433.581,119.704,469.767,151.37,False,0.0,-1,False,0.0,bgFP
DJI_20250511174637_0618_D_tile_0007_x4256_y0,0.7101,381.571,179.022,420.115,203.378,False,0.0,-1,False,0.0,bgFP
DJI_20250511173433_0299_D_tile_0003_x1824_y0,0.70936,532.639,188.295,639.782,228.629,False,0.0,-1,False,0.0,bgFP
DJI_20250511173431_0298_D_tile_0015_x4256_y608,0.70707,175.75,279.414,208.025,318.503,False,0.0,-1,False,0.0,bgFP
DJI_20250511173421_0293_D_tile_0032_x0_y2432,0.70663,278.757,1.281,373.843,72.52000000000001,False,0.0,-1,False,0.027154503763079,bgFP
DJI_20250511174643_0621_D_tile_0044_x2432_y3040,0.70599,0.627,11.523,39.794,44.158,False,0.0,-1,False,0.0,bgFP
DJI_20250511173957_0445_D_tile_0057_x1824_y3316,0.70569,169.637,467.634,245.387,526.705,False,0.0,-1,False,0.0,bgFP
DJI_20250511174639_0619_D_tile_0005_x3040_y0,0.70522,14.362,553.177,53.985,593.464,False,0.0,-1,False,0.0,bgFP
DJI_20250511174633_0616_D_tile_0055_x608_y3316,0.70459,358.144,360.635,408.598,434.491,False,0.0,-1,False,0.0,bgFP
DJI_20250511174627_0613_D_tile_0009_x608_y608,0.70326,343.234,416.049,387.166,491.53,False,0.0,-1,False,0.0,bgFP
DJI_20250511174637_0618_D_tile_0033_x608_y2432,0.70314,36.046,354.935,78.707,380.801,False,0.0,-1,False,0.0,bgFP
DJI_20250511173417_0291_D_tile_0018_x1216_y1216,0.70304,333.226,0.849,389.364,53.929,False,0.0,-1,False,0.0,bgFP
DJI_20250511173425_0295_D_tile_0045_x3040_y3040,0.70267,0.539,162.834,48.821,223.728,False,0.0,-1,False,0.0,bgFP
DJI_20250511174649_0624_D_tile_0002_x1216_y0,0.70255,543.556,585.488,639.4490000000001,639.7700000000001,False,0.0,-1,False,0.0,bgFP
DJI_20250511174637_0618_D_tile_0046_x3648_y3040,0.70239,0.723,245.921,43.223,299.798,False,0.0,-1,False,0.0,bgFP
DJI_20250511174629_0614_D_tile_0042_x1216_y3040,0.69977,601.111,418.646,622.97,455.052,False,0.0,-1,False,0.0008857435997568,bgFP
DJI_20250511174637_0618_D_tile_0051_x4640_y1824,0.69956,0.673,368.428,49.38,427.846,False,0.0,-1,False,0.0,bgFP
DJI_20250511174641_0620_D_tile_0058_x2432_y3316,0.69849,86.331,337.09,115.17,395.24,False,0.0,-1,False,0.0,bgFP
DJI_20250511173415_0290_D_tile_0009_x608_y608,0.69793,534.958,333.355,639.0999999999999,364.553,False,0.0,-1,False,0.0,bgFP
DJI_20250511173431_0298_D_tile_0015_x4256_y608,0.69759,556.254,228.345,605.153,255.546,False,0.0,-1,False,0.0370418700724378,bgFP
DJI_20250511173953_0443_D_tile_0050_x4640_y1216,0.69724,50.203,575.773,116.255,595.312,False,0.0,-1,False,0.0,bgFP
DJI_20250511174637_0618_D_tile_0052_x4640_y2432,0.69707,90.456,475.3,143.233,498.517,False,0.0,-1,False,0.0,bgFP
DJI_20250511174641_0620_D_tile_0025_x608_y1824,0.69674,487.284,565.339,520.274,593.0840000000001,False,0.0,-1,False,0.0,bgFP
DJI_20250511173427_0296_D_tile_0047_x4256_y3040,0.69585,442.016,242.97,478.3970000000001,275.034,False,0.0,-1,False,0.0,bgFP
DJI_20250511174633_0616_D_tile_0051_x4640_y1824,0.69583,49.91,120.202,85.17599999999999,150.35,False,0.0,-1,False,0.0,bgFP
DJI_20250511173427_0296_D_tile_0026_x1216_y1824,0.6954,0.797,556.878,47.929,610.0930000000001,False,0.0,-1,False,0.0,bgFP
DJI_20250511173415_0290_D_tile_0056_x1216_y3316,0.6947,0.794,545.045,66.459,639.8829999999999,False,0.0,-1,False,0.0,bgFP
DJI_20250511173429_0297_D_tile_0061_x4256_y3316,0.69469,107.575,37.908,149.513,53.402,False,0.0,-1,False,0.0,bgFP
DJI_20250511174635_0617_D_tile_0004_x2432_y0,0.69257,600.648,299.613,639.443,368.563,False,0.0,-1,False,0.0,bgFP
DJI_20250511173953_0443_D_tile_0023_x4256_y1216,0.69255,434.781,576.252,500.09,594.752,False,0.0,-1,False,0.0,bgFP
DJI_20250511173415_0290_D_tile_0013_x3040_y608,0.69154,575.922,335.322,639.755,407.364,False,0.0,-1,False,0.0,bgFP
DJI_20250511173423_0294_D_tile_0033_x608_y2432,0.69097,278.042,237.327,427.079,353.211,False,0.0,-1,False,0.0,bgFP
DJI_20250511174635_0617_D_tile_0036_x2432_y2432,0.69033,1.034,286.832,50.754,323.918,False,0.0,-1,False,0.0,bgFP
DJI_20250511174637_0618_D_tile_0052_x4640_y2432,0.68957,194.213,498.148,238.528,527.238,False,0.0,-1,False,0.0,bgFP
DJI_20250511174635_0617_D_tile_0052_x4640_y2432,0.68573,0.562,137.799,48.228,212.599,False,0.0,-1,False,0.0,bgFP
DJI_20250511173427_0296_D_tile_0047_x4256_y3040,0.68476,0.431,332.84,31.109,475.879,False,0.0,-1,False,0.0783739346645812,bgFP
DJI_20250511174637_0618_D_tile_0034_x1216_y2432,0.68366,11.249,369.127,119.4,439.216,False,0.0,-1,False,0.0,bgFP
DJI_20250511173419_0292_D_tile_0004_x2432_y0,0.68233,206.394,612.573,271.90700000000004,639.763,False,0.0,-1,False,0.0,bgFP
DJI_20250511173431_0298_D_tile_0016_x0_y1216,0.68031,122.975,493.935,161.668,533.922,False,0.0,-1,False,0.0,bgFP
DJI_20250511174635_0617_D_tile_0033_x608_y2432,0.67771,432.232,621.794,488.93,639.764,False,0.0,-1,False,0.0,bgFP
DJI_20250511173423_0294_D_tile_0062_x4640_y3316,0.67727,319.675,584.517,362.789,634.192,False,0.0,-1,False,0.0,bgFP
DJI_20250511174649_0624_D_tile_0018_x1216_y1216,0.67715,324.064,421.77,357.84400000000005,441.828,False,0.0,-1,False,0.0,bgFP
DJI_20250511174641_0620_D_tile_0047_x4256_y3040,0.67612,505.547,566.204,546.168,639.77,False,0.0,-1,False,0.0,bgFP
DJI_20250511173421_0293_D_tile_0001_x608_y0,0.67606,274.432,540.867,326.336,574.935,False,0.0,-1,False,0.0,bgFP
DJI_20250511173939_0436_D_tile_0053_x4640_y3040,0.67547,296.184,448.56,347.49300000000005,486.856,False,0.0,-1,False,0.0243391415047666,bgFP
DJI_20250511174637_0618_D_tile_0060_x3648_y3316,0.67463,459.827,163.122,492.582,191.981,False,0.0,-1,False,0.0,bgFP
DJI_20250511173431_0298_D_tile_0049_x4640_y608,0.67242,172.452,228.373,221.454,255.27,False,0.0,-1,False,0.038528068501625,bgFP
DJI_20250511173427_0296_D_tile_0022_x3648_y1216,0.67232,54.113,307.812,104.856,332.581,False,0.0,-1,False,0.0,bgFP
DJI_20250511174635_0617_D_tile_0041_x608_y3040,0.67146,576.625,174.425,636.106,249.56600000000003,False,0.0,-1,False,0.0,bgFP
DJI_20250511173423_0294_D_tile_0041_x608_y3040,0.67125,609.421,15.406,639.662,53.96,False,0.0,-1,False,0.0638576842104727,bgFP
DJI_20250511174631_0615_D_tile_0033_x608_y2432,0.66993,347.768,107.682,373.882,199.134,False,0.0,-1,False,0.0,bgFP
DJI_20250511173431_0298_D_tile_0033_x608_y2432,0.6693,327.539,362.945,393.885,456.057,False,0.0,-1,False,0.0,bgFP
DJI_20250511174643_0621_D_tile_0027_x1824_y1824,0.66904,39.908,109.218,78.399,122.474,False,0.0,-1,False,0.0,bgFP
DJI_20250511173427_0296_D_tile_0022_x3648_y1216,0.66819,61.666,29.434,100.778,67.641,False,0.0,-1,False,0.0146316412411372,bgFP
DJI_20250511174641_0620_D_tile_0050_x4640_y1216,0.66675,320.148,608.553,376.304,639.723,False,0.0,-1,False,0.0,bgFP
DJI_20250511174635_0617_D_tile_0014_x3648_y608,0.66665,63.349,291.563,92.576,316.444,False,0.0,-1,False,0.0,bgFP
DJI_20250511173427_0296_D_tile_0053_x4640_y3040,0.66432,56.271,242.07,94.343,274.626,False,0.0,-1,False,0.0,bgFP
DJI_20250511174627_0613_D_tile_0047_x4256_y3040,0.66327,417.754,1.077,448.971,39.75,False,0.0,-1,False,0.0,bgFP
DJI_20250511173425_0295_D_tile_0001_x608_y0,0.66306,380.755,157.35,417.797,192.53,False,0.0,-1,False,0.0,bgFP
DJI_20250511173423_0294_D_tile_0035_x1824_y2432,0.66241,14.508,490.966,98.749,598.799,False,0.0,-1,False,0.0,bgFP
DJI_20250511174627_0613_D_tile_0000_x0_y0,0.662,350.209,514.468,381.802,540.4209999999999,False,0.0,-1,False,0.0,bgFP
DJI_20250511173429_0297_D_tile_0010_x1216_y608,0.66194,0.707,101.9,26.083,161.485,False,0.0,-1,False,0.0272145349987616,bgFP
DJI_20250511174639_0619_D_tile_0031_x4256_y1824,0.66191,560.733,418.379,639.3879999999999,460.884,False,0.0,-1,False,0.0,bgFP
DJI_20250511173939_0436_D_tile_0062_x4640_y3316,0.66151,297.925,173.773,347.568,209.945,False,0.0,-1,False,0.0171879455963691,bgFP
DJI_20250511174641_0620_D_tile_0048_x4640_y0,0.66045,0.467,185.895,29.032,216.522,False,0.0,-1,False,0.0,bgFP
DJI_20250511174635_0617_D_tile_0034_x1216_y2432,0.65936,282.405,75.616,356.934,140.06799999999998,False,0.0,-1,False,0.0,bgFP
DJI_20250511174637_0618_D_tile_0046_x3648_y3040,0.65424,458.682,437.949,492.758,467.741,False,0.0,-1,False,0.0,bgFP
DJI_20250511174627_0613_D_tile_0017_x608_y1216,0.6542,442.671,22.836,489.896,40.577,False,0.0,-1,False,0.0,bgFP
DJI_20250511173951_0442_D_tile_0018_x1216_y1216,0.65145,276.124,247.783,322.17900000000003,282.345,False,0.0,-1,False,0.0404137639099178,bgFP
DJI_20250511174643_0621_D_tile_0044_x2432_y3040,0.65092,588.948,587.989,639.703,615.566,False,0.0,-1,False,0.0,bgFP
DJI_20250511174635_0617_D_tile_0016_x0_y1216,0.65,406.82,366.108,439.858,382.425,False,0.0,-1,False,0.0552376390548155,bgFP
DJI_20250511174635_0617_D_tile_0003_x1824_y0,0.64651,0.409,282.704,31.801,367.827,False,0.0,-1,False,0.0,bgFP
DJI_20250511174633_0616_D_tile_0042_x1216_y3040,0.64541,0.612,23.945,24.176,66.119,False,0.0,-1,False,0.0,bgFP
DJI_20250511173431_0298_D_tile_0053_x4640_y3040,0.64344,606.712,597.559,639.817,634.082,False,0.0,-1,False,0.0,bgFP
DJI_20250511174639_0619_D_tile_0007_x4256_y0,0.64285,105.203,90.903,140.627,143.115,False,0.0,-1,False,0.0,bgFP
DJI_20250511173425_0295_D_tile_0033_x608_y2432,0.64174,209.352,547.906,262.67,639.847,False,0.0,-1,False,0.0,bgFP
DJI_20250511173433_0299_D_tile_0056_x1216_y3316,0.64101,0.83,390.116,77.193,430.975,False,0.0,-1,False,0.0,bgFP
DJI_20250511173433_0299_D_tile_0028_x2432_y1824,0.63786,427.492,54.445,463.252,82.622,False,0.0,-1,False,0.0,bgFP
DJI_20250511174649_0624_D_tile_0049_x4640_y608,0.63683,213.775,623.586,261.762,638.039,False,0.0,-1,False,0.0,bgFP
DJI_20250511174635_0617_D_tile_0016_x0_y1216,0.63644,0.39,351.526,40.484,373.42,False,0.0,-1,False,0.0,bgFP
DJI_20250511173421_0293_D_tile_0032_x0_y2432,0.63606,485.937,78.39,612.544,184.266,False,0.0,-1,False,0.0055870666308592,bgFP
DJI_20250511174627_0613_D_tile_0015_x4256_y608,0.63589,103.645,613.606,133.725,639.746,False,0.0,-1,False,0.0,bgFP
DJI_20250511174639_0619_D_tile_0002_x1216_y0,0.63368,236.12,6.987,255.42,58.541,False,0.0,-1,False,0.0,bgFP
DJI_20250511174631_0615_D_tile_0054_x0_y3316,0.63338,251.741,597.84,288.409,626.903,False,0.0,-1,False,0.0,bgFP
DJI_20250511174649_0624_D_tile_0011_x1824_y608,0.63268,0.703,0.604,22.202,32.151,False,0.0,-1,False,0.0,bgFP
DJI_20250511174639_0619_D_tile_0006_x3648_y0,0.63251,582.359,588.24,626.1600000000001,609.379,False,0.0,-1,False,0.0,bgFP
DJI_20250511174649_0624_D_tile_0060_x3648_y3316,0.63065,200.903,282.711,227.197,327.30600000000004,False,0.0,-1,False,0.0,bgFP
DJI_20250511173421_0293_D_tile_0027_x1824_y1824,0.62937,532.111,614.987,559.869,639.538,False,0.0,-1,False,0.0,bgFP
DJI_20250511174639_0619_D_tile_0012_x2432_y608,0.62911,333.094,609.588,397.462,639.858,False,0.0,-1,False,0.0,bgFP
DJI_20250511174643_0621_D_tile_0058_x2432_y3316,0.62866,588.843,312.047,639.529,339.307,False,0.0,-1,False,0.0,bgFP
DJI_20250511173421_0293_D_tile_0048_x4640_y0,0.62823,403.934,165.372,452.412,221.662,False,0.0,-1,False,0.0,bgFP
DJI_20250511174649_0624_D_tile_0046_x3648_y3040,0.62743,200.202,558.827,225.976,602.255,False,0.0,-1,False,0.0,bgFP
DJI_20250511174637_0618_D_tile_0009_x608_y608,0.62722,305.632,0.664,337.709,18.814,False,0.0,-1,False,0.0,bgFP
DJI_20250511173431_0298_D_tile_0061_x4256_y3316,0.62713,349.404,319.951,402.232,359.90500000000003,False,0.0,-1,False,0.0,bgFP
DJI_20250511174639_0619_D_tile_0044_x2432_y3040,0.62684,485.135,0.926,520.89,44.894000000000005,False,0.0,-1,False,0.0,bgFP
DJI_20250511173425_0295_D_tile_0003_x1824_y0,0.62673,536.569,146.166,560.2439999999999,216.564,False,0.0,-1,False,0.0338054194943689,bgFP
DJI_20250511173427_0296_D_tile_0021_x3040_y1216,0.62551,126.975,16.853,286.044,62.177,False,0.0,-1,False,0.0222222849717964,bgFP
DJI_20250511174639_0619_D_tile_0007_x4256_y0,0.62541,210.776,606.764,239.388,639.856,False,0.0,-1,False,0.0097695930471749,bgFP
DJI_20250511174635_0617_D_tile_0056_x1216_y3316,0.62528,398.984,371.554,420.752,399.674,False,0.0,-1,False,0.0,bgFP
DJI_20250511173939_0436_D_tile_0053_x4640_y3040,0.6247,548.11,371.672,639.754,437.928,False,0.0,-1,False,0.0,bgFP
DJI_20250511174633_0616_D_tile_0028_x2432_y1824,0.6229,196.779,42.614,219.31,79.213,False,0.0,-1,False,0.0,bgFP
DJI_20250511173431_0298_D_tile_0038_x3648_y2432,0.6216,300.034,360.401,350.869,376.763,False,0.0,-1,False,0.0,bgFP
DJI_20250511173419_0292_D_tile_0019_x1824_y1216,0.6205,473.352,172.675,489.961,210.526,False,0.0,-1,False,0.0,bgFP
DJI_20250511173421_0293_D_tile_0026_x1216_y1824,0.6204,532.738,548.299,639.917,638.995,False,0.0,-1,False,0.0,bgFP
DJI_20250511174639_0619_D_tile_0055_x608_y3316,0.61528,189.205,0.871,217.828,25.382,False,0.0,-1,False,0.0,bgFP
DJI_20250511174633_0616_D_tile_0029_x3040_y1824,0.6146,497.372,200.85,532.743,232.34,False,0.0,-1,False,0.0,bgFP
DJI_20250511174637_0618_D_tile_0006_x3648_y0,0.60946,248.591,600.772,267.98400000000004,639.87,False,0.0,-1,False,0.0,bgFP
DJI_20250511173421_0293_D_tile_0007_x4256_y0,0.60738,602.059,228.054,639.582,297.38,False,0.0,-1,False,0.0647804881679367,bgFP
DJI_20250511174643_0621_D_tile_0037_x3040_y2432,0.60723,118.273,613.095,190.755,639.8240000000001,False,0.0,-1,False,0.0,bgFP
DJI_20250511173415_0290_D_tile_0003_x1824_y0,0.60679,82.126,23.435,104.566,61.66,False,0.0,-1,False,0.0,bgFP
DJI_20250511173431_0298_D_tile_0033_x608_y2432,0.60574,422.444,379.346,467.055,410.016,False,0.0,-1,False,0.0,bgFP
DJI_20250511173415_0290_D_tile_0059_x3040_y3316,0.6036,58.33,510.823,85.977,540.432,False,0.0,-1,False,0.0,bgFP
DJI_20250511174635_0617_D_tile_0017_x608_y1216,0.60328,101.609,355.752,139.76999999999998,371.413,False,0.0,-1,False,0.0,bgFP
DJI_20250511174629_0614_D_tile_0043_x1824_y3040,0.5997,0.139,418.24,15.682,453.157,False,0.0,-1,False,0.0,bgFP
DJI_20250511174633_0616_D_tile_0039_x4256_y2432,0.59903,160.274,588.773,191.005,639.595,False,0.0,-1,False,0.0,bgFP
DJI_20250511174627_0613_D_tile_0062_x4640_y3316,0.59822,423.207,614.489,448.728,639.6750000000001,False,0.0,-1,False,0.0,bgFP
DJI_20250511173937_0435_D_tile_0060_x3648_y3316,0.59807,229.56,276.022,250.817,319.242,False,0.0,-1,False,0.0,bgFP
DJI_20250511174633_0616_D_tile_0057_x1824_y3316,0.59615,562.867,559.91,639.336,583.4599999999999,False,0.0,-1,False,0.0,bgFP
DJI_20250511173427_0296_D_tile_0059_x3040_y3316,0.59545,562.782,197.985,639.113,225.474,False,0.0,-1,False,0.0,bgFP
DJI_20250511174635_0617_D_tile_0001_x608_y0,0.59458,156.171,1.371,242.739,37.933,False,0.0,-1,False,0.0,bgFP
DJI_20250511174633_0616_D_tile_0033_x608_y2432,0.59409,334.38,550.472,375.286,601.006,False,0.0,-1,False,0.0,bgFP
DJI_20250511173943_0438_D_tile_0054_x0_y3316,0.59407,269.694,242.789,315.755,276.592,False,0.0,-1,False,0.0,bgFP
DJI_20250511174631_0615_D_tile_0035_x1824_y2432,0.59273,73.612,606.717,102.575,637.1659999999999,False,0.0,-1,False,0.0,bgFP
DJI_20250511174629_0614_D_tile_0040_x0_y3040,0.59168,208.242,556.972,267.771,618.641,False,0.0,-1,False,0.0,bgFP
DJI_20250511174633_0616_D_tile_0046_x3648_y3040,0.59146,358.807,192.862,429.902,226.434,False,0.0,-1,False,0.0,bgFP
DJI_20250511173955_0444_D_tile_0061_x4256_y3316,0.59106,489.893,0.965,534.4979999999999,26.223,False,0.0,-1,False,0.0,bgFP
DJI_20250511174637_0618_D_tile_0007_x4256_y0,0.59087,591.49,62.072,639.205,88.06400000000001,False,0.0,-1,False,0.0,bgFP
DJI_20250511174649_0624_D_tile_0061_x4256_y3316,0.59042,291.406,611.447,347.303,639.453,False,0.0,-1,False,0.0,bgFP
DJI_20250511174627_0613_D_tile_0025_x608_y1824,0.58973,195.809,325.968,263.771,391.534,False,0.0,-1,False,0.0076977105008281,bgFP
DJI_20250511174627_0613_D_tile_0009_x608_y608,0.5877,353.717,581.846,399.606,614.575,False,0.0,-1,False,0.0,bgFP
DJI_20250511173425_0295_D_tile_0013_x3040_y608,0.58741,58.8,497.09,95.07,524.217,False,0.0,-1,False,0.0,bgFP
DJI_20250511174639_0619_D_tile_0025_x608_y1824,0.58671,0.542,515.154,40.42,536.194,False,0.0,-1,False,0.0,bgFP
DJI_20250511174639_0619_D_tile_0052_x4640_y2432,0.58663,218.323,413.038,270.15700000000004,423.766,False,0.0,-1,False,0.0,bgFP
DJI_20250511174633_0616_D_tile_0002_x1216_y0,0.58615,544.46,378.973,571.643,446.492,False,0.0,-1,False,0.0,bgFP
DJI_20250511173417_0291_D_tile_0007_x4256_y0,0.58535,108.636,607.383,129.477,639.696,False,0.0,-1,False,0.0,bgFP
DJI_20250511174637_0618_D_tile_0035_x1824_y2432,0.58421,253.387,291.29,272.894,345.651,False,0.0,-1,False,0.0,bgFP
DJI_20250511174641_0620_D_tile_0047_x4256_y3040,0.58338,414.143,475.306,455.809,510.867,False,0.0,-1,False,0.0575633764704551,bgFP
DJI_20250511173427_0296_D_tile_0042_x1216_y3040,0.57866,350.27,329.596,369.629,361.827,False,0.0,-1,False,0.0,bgFP
DJI_20250511174633_0616_D_tile_0043_x1824_y3040,0.5785,320.721,576.951,343.255,604.099,False,0.0,-1,False,0.0,bgFP
DJI_20250511174637_0618_D_tile_0051_x4640_y1824,0.57803,517.675,489.337,548.3879999999999,507.356,False,0.0,-1,False,0.0,bgFP
DJI_20250511174627_0613_D_tile_0000_x0_y0,0.57667,460.638,553.561,503.754,587.5310000000001,False,0.0,-1,False,0.0,bgFP
DJI_20250511174635_0617_D_tile_0051_x4640_y1824,0.57657,210.044,275.285,258.95300000000003,290.958,False,0.0,-1,False,0.0557866254042313,bgFP
DJI_20250511174637_0618_D_tile_0015_x4256_y608,0.57622,0.513,407.457,34.113,438.885,False,0.0,-1,False,0.0,bgFP
DJI_20250511174627_0613_D_tile_0000_x0_y0,0.57605,493.605,381.159,531.297,413.521,False,0.0,-1,False,0.0,bgFP
DJI_20250511174631_0615_D_tile_0031_x4256_y1824,0.57497,98.877,274.994,128.319,297.53200000000004,False,0.0,-1,False,0.0,bgFP
DJI_20250511173425_0295_D_tile_0030_x3648_y1824,0.57472,0.498,169.427,52.945,197.304,False,0.0,-1,False,0.0,bgFP
DJI_20250511173431_0298_D_tile_0038_x3648_y2432,0.57309,392.159,571.04,440.881,617.8979999999999,False,0.0,-1,False,0.0,bgFP
DJI_20250511174639_0619_D_tile_0043_x1824_y3040,0.57218,32.692,317.465,98.301,345.823,False,0.0,-1,False,0.0,bgFP
DJI_20250511173423_0294_D_tile_0033_x608_y2432,0.57174,554.985,278.71,639.711,415.836,False,0.0,-1,False,0.0,bgFP
DJI_20250511174637_0618_D_tile_0011_x1824_y608,0.56993,200.36,0.993,248.562,31.539,False,0.0,-1,False,0.0,bgFP
DJI_20250511173421_0293_D_tile_0006_x3648_y0,0.56755,72.765,1.046,104.875,53.611,False,0.0,-1,False,0.0,bgFP
DJI_20250511174633_0616_D_tile_0006_x3648_y0,0.56668,436.599,315.344,460.23,340.557,False,0.0,-1,False,0.0,bgFP
DJI_20250511173423_0294_D_tile_0012_x2432_y608,0.5663,217.658,508.022,253.714,547.376,False,0.0,-1,False,0.0022691373616189,bgFP
DJI_20250511174639_0619_D_tile_0028_x2432_y1824,0.56602,137.402,607.109,163.475,639.854,False,0.0,-1,False,0.0,bgFP
DJI_20250511173431_0298_D_tile_0047_x4256_y3040,0.56578,453.23,625.175,519.1800000000001,639.885,False,0.0,-1,False,0.0,bgFP
DJI_20250511173425_0295_D_tile_0039_x4256_y2432,0.5654,480.77,484.451,519.857,515.746,False,0.0,-1,False,0.0,bgFP
DJI_20250511174631_0615_D_tile_0026_x1216_y1824,0.563,32.481,97.128,73.05799999999999,123.331,False,0.0,-1,False,0.0,bgFP
DJI_20250511174637_0618_D_tile_0010_x1216_y608,0.56275,300.298,0.834,372.437,17.904,False,0.0,-1,False,0.0,bgFP
DJI_20250511174643_0621_D_tile_0041_x608_y3040,0.56267,450.375,577.585,478.575,609.716,False,0.0,-1,False,0.0,bgFP
DJI_20250511173419_0292_D_tile_0017_x608_y1216,0.56248,79.96,409.848,120.008,450.454,False,0.0,-1,False,0.0185498832767437,bgFP
DJI_20250511173427_0296_D_tile_0023_x4256_y1216,0.56231,0.62,312.247,53.851,365.698,False,0.0,-1,False,0.0,bgFP
DJI_20250511173953_0443_D_tile_0047_x4256_y3040,0.56186,277.459,1.454,352.488,91.297,False,0.0,-1,False,0.0827155789903548,bgFP
DJI_20250511173951_0442_D_tile_0056_x1216_y3316,0.5618,113.888,195.316,153.77100000000002,214.99,False,0.0,-1,False,0.0,bgFP
DJI_20250511173419_0292_D_tile_0021_x3040_y1216,0.55996,565.085,282.9,595.116,297.136,False,0.0,-1,False,0.0,bgFP
DJI_20250511174631_0615_D_tile_0032_x0_y2432,0.55952,366.57,597.323,432.047,639.192,False,0.0,-1,False,0.0,bgFP
DJI_20250511174639_0619_D_tile_0002_x1216_y0,0.55706,595.311,548.466,639.691,579.602,False,0.0,-1,False,0.0,bgFP
DJI_20250511173419_0292_D_tile_0054_x0_y3316,0.55678,583.554,591.919,613.7049999999999,639.55,False,0.0,-1,False,0.0,bgFP
DJI_20250511173425_0295_D_tile_0001_x608_y0,0.55669,437.243,115.866,458.564,158.88,False,0.0,-1,False,0.0,bgFP
DJI_20250511174639_0619_D_tile_0021_x3040_y1216,0.55665,236.602,518.139,264.803,532.157,False,0.0,-1,False,0.0,bgFP
DJI_20250511174633_0616_D_tile_0057_x1824_y3316,0.55658,485.165,449.705,509.5990000000001,495.12,False,0.0,-1,False,0.0,bgFP
DJI_20250511174639_0619_D_tile_0013_x3040_y608,0.55652,463.018,57.858,497.713,154.924,False,0.0,-1,False,0.0,bgFP
DJI_20250511174649_0624_D_tile_0059_x3040_y3316,0.55609,460.557,607.58,500.236,639.8330000000001,False,0.0,-1,False,0.0,bgFP
DJI_20250511174627_0613_D_tile_0003_x1824_y0,0.55581,413.554,567.181,449.189,600.0160000000001,False,0.0,-1,False,0.0124025984181458,bgFP
DJI_20250511173937_0435_D_tile_0031_x4256_y1824,0.5548,94.164,309.214,116.31,339.351,False,0.0,-1,False,0.059061855244087,bgFP
DJI_20250511173433_0299_D_tile_0006_x3648_y0,0.55293,594.821,33.02,630.073,77.06700000000001,False,0.0,-1,False,0.0,bgFP
DJI_20250511173955_0444_D_tile_0052_x4640_y2432,0.55273,280.989,160.503,316.699,200.065,False,0.0,-1,False,0.055598691705316,bgFP
DJI_20250511173431_0298_D_tile_0058_x2432_y3316,0.55237,406.742,577.124,474.124,603.431,False,0.0,-1,False,0.0,bgFP
DJI_20250511173425_0295_D_tile_0018_x1216_y1216,0.54817,0.314,78.795,60.574,121.665,False,0.0,-1,False,0.0,bgFP
DJI_20250511174643_0621_D_tile_0006_x3648_y0,0.54746,263.286,0.896,287.573,31.469,False,0.0,-1,False,0.0,bgFP
DJI_20250511173433_0299_D_tile_0036_x2432_y2432,0.54673,250.55,344.557,289.797,370.463,False,0.0,-1,False,0.0,bgFP
DJI_20250511174633_0616_D_tile_0043_x1824_y3040,0.54659,0.046,569.812,15.896,624.788,False,0.0,-1,False,0.0,bgFP
DJI_20250511174641_0620_D_tile_0046_x3648_y3040,0.54641,61.455,0.64,81.673,56.916,False,0.0,-1,False,0.0,bgFP
DJI_20250511174635_0617_D_tile_0015_x4256_y608,0.54627,306.499,499.099,354.50300000000004,518.494,False,0.0,-1,False,0.0,bgFP
DJI_20250511174635_0617_D_tile_0042_x1216_y3040,0.54605,0.211,172.18,27.555,216.595,False,0.0,-1,False,0.0,bgFP
DJI_20250511173945_0439_D_tile_0033_x608_y2432,0.54332,403.704,0.882,426.738,23.971,False,0.0,-1,False,0.0,bgFP
DJI_20250511174635_0617_D_tile_0028_x2432_y1824,0.54225,508.225,227.061,537.495,247.38,False,0.0,-1,False,0.0,bgFP
DJI_20250511174639_0619_D_tile_0011_x1824_y608,0.54203,118.258,606.692,147.825,639.734,False,0.0,-1,False,0.0,bgFP
DJI_20250511174639_0619_D_tile_0049_x4640_y608,0.54194,603.384,576.661,639.491,628.909,False,0.0,-1,False,0.0,bgFP
DJI_20250511173433_0299_D_tile_0026_x1216_y1824,0.54123,0.643,253.072,26.658,289.69100000000003,False,0.0,-1,False,0.0,bgFP
DJI_20250511173955_0444_D_tile_0062_x4640_y3316,0.5402,105.613,1.035,150.68200000000002,26.415,False,0.0,-1,False,0.0,bgFP
DJI_20250511174649_0624_D_tile_0054_x0_y3316,0.5396,171.696,401.211,206.559,427.156,False,0.0,-1,False,0.0,bgFP
DJI_20250511174639_0619_D_tile_0057_x1824_y3316,0.53862,35.954,41.296,98.211,69.707,False,0.0,-1,False,0.0,bgFP
DJI_20250511174649_0624_D_tile_0010_x1216_y608,0.53846,270.961,604.382,300.87800000000004,638.348,False,0.0,-1,False,0.0,bgFP
DJI_20250511173425_0295_D_tile_0000_x0_y0,0.53697,0.964,271.452,47.943,334.961,False,0.0,-1,False,0.0,bgFP
DJI_20250511174637_0618_D_tile_0011_x1824_y608,0.53663,138.466,12.171,195.387,40.892,False,0.0,-1,False,0.0,bgFP
DJI_20250511174637_0618_D_tile_0013_x3040_y608,0.53641,422.828,12.977,453.951,56.398,False,0.0,-1,False,0.0,bgFP
DJI_20250511174639_0619_D_tile_0005_x3040_y0,0.53574,0.893,613.343,29.361,640.0,False,0.0,-1,False,0.0,bgFP
DJI_20250511173417_0291_D_tile_0027_x1824_y1824,0.53365,92.86,502.18,119.314,521.917,False,0.0,-1,False,0.0,bgFP
DJI_20250511174627_0613_D_tile_0045_x3040_y3040,0.53258,87.242,0.974,117.203,82.95400000000001,False,0.0,-1,False,0.0,bgFP
DJI_20250511173425_0295_D_tile_0048_x4640_y0,0.53251,321.026,393.101,351.913,413.39,False,0.0,-1,False,0.0,bgFP
DJI_20250511174633_0616_D_tile_0026_x1216_y1824,0.53087,548.8,8.994,639.491,47.833,False,0.0,-1,False,0.0,bgFP
DJI_20250511173953_0443_D_tile_0053_x4640_y3040,0.53042,111.323,111.155,205.215,144.089,False,0.0,-1,False,0.0,bgFP
DJI_20250511174631_0615_D_tile_0004_x2432_y0,0.52999,361.877,154.531,391.221,226.704,False,0.0,-1,False,0.0,bgFP
DJI_20250511174649_0624_D_tile_0050_x4640_y1216,0.52956,49.573,528.559,78.406,555.992,False,0.0,-1,False,0.0605262346322305,bgFP
DJI_20250511174635_0617_D_tile_0011_x1824_y608,0.52952,440.161,392.789,474.619,430.344,False,0.0,-1,False,0.0,bgFP
DJI_20250511174633_0616_D_tile_0046_x3648_y3040,0.52935,288.036,616.428,311.03,639.472,False,0.0,-1,False,0.0,bgFP
DJI_20250511173953_0443_D_tile_0041_x608_y3040,0.5293,196.798,11.678,220.657,50.06700000000001,False,0.0,-1,False,0.0,bgFP
DJI_20250511174633_0616_D_tile_0037_x3040_y2432,0.52834,613.117,106.859,639.4839999999999,136.939,False,0.0,-1,False,0.0,bgFP
DJI_20250511174635_0617_D_tile_0049_x4640_y608,0.52827,573.844,521.052,639.7260000000001,564.239,False,0.0,-1,False,0.0,bgFP
DJI_20250511174629_0614_D_tile_0042_x1216_y3040,0.52614,615.585,458.675,638.5640000000001,525.563,False,0.0,-1,False,0.0,bgFP
DJI_20250511174641_0620_D_tile_0022_x3648_y1216,0.52516,585.043,568.304,632.976,585.521,False,0.0,-1,False,0.0,bgFP
DJI_20250511174635_0617_D_tile_0033_x608_y2432,0.52475,275.628,219.539,317.944,235.726,False,0.0,-1,False,0.0,bgFP
DJI_20250511173425_0295_D_tile_0025_x608_y1824,0.52305,613.006,217.046,639.499,265.774,False,0.0,-1,False,0.0,bgFP
DJI_20250511174643_0621_D_tile_0030_x3648_y1824,0.52281,496.512,174.936,522.457,191.887,False,0.0,-1,False,0.0,bgFP
DJI_20250511174649_0624_D_tile_0030_x3648_y1824,0.52233,619.783,340.014,639.843,430.171,False,0.0,-1,False,0.0,bgFP
DJI_20250511173939_0436_D_tile_0023_x4256_y1216,0.52153,108.012,279.104,131.585,301.518,False,0.0,-1,False,0.0,bgFP
DJI_20250511173937_0435_D_tile_0051_x4640_y1824,0.52136,426.171,305.202,487.097,340.387,False,0.0,-1,False,0.0,bgFP
DJI_20250511174627_0613_D_tile_0039_x4256_y2432,0.52052,45.02,451.864,77.885,482.307,False,0.0,-1,False,0.0,bgFP
DJI_20250511173421_0293_D_tile_0024_x0_y1824,0.52017,406.149,48.738,503.852,109.692,False,0.0,-1,False,0.0,bgFP
DJI_20250511173425_0295_D_tile_0008_x0_y608,0.51997,618.259,350.457,639.592,401.132,False,0.0,-1,False,0.0,bgFP
DJI_20250511173957_0445_D_tile_0028_x2432_y1824,0.51945,120.322,188.256,215.753,292.082,False,0.0,-1,False,0.0,bgFP
DJI_20250511173953_0443_D_tile_0027_x1824_y1824,0.51913,155.935,42.69,235.644,154.482,False,0.0,-1,False,0.0,bgFP
DJI_20250511174633_0616_D_tile_0021_x3040_y1216,0.51873,453.06,589.884,499.578,639.702,False,0.0,-1,False,0.0,bgFP
DJI_20250511173429_0297_D_tile_0045_x3040_y3040,0.51826,614.698,559.265,640.0,588.01,False,0.0,-1,False,0.0,bgFP
DJI_20250511174635_0617_D_tile_0011_x1824_y608,0.51764,577.62,234.377,639.552,265.046,False,0.0,-1,False,0.0,bgFP
DJI_20250511174649_0624_D_tile_0023_x4256_y1216,0.51697,433.57,528.516,462.426,556.092,False,0.0,-1,False,0.0723823487944095,bgFP
DJI_20250511173423_0294_D_tile_0049_x4640_y608,0.51659,0.749,392.897,32.197,455.613,False,0.0,-1,False,0.0,bgFP
DJI_20250511173421_0293_D_tile_0051_x4640_y1824,0.51659,429.076,8.568,495.846,77.01899999999999,False,0.0,-1,False,0.0,bgFP
DJI_20250511174629_0614_D_tile_0024_x0_y1824,0.51375,542.393,441.385,611.188,482.341,False,0.0,-1,False,0.0,bgFP
DJI_20250511173427_0296_D_tile_0061_x4256_y3316,0.51329,0.392,56.559,30.727,201.3,False,0.0,-1,False,0.0725037358770816,bgFP
DJI_20250511173421_0293_D_tile_0032_x0_y2432,0.51321,562.792,0.923,617.8480000000001,60.324000000000005,False,0.0,-1,False,0.0,bgFP
DJI_20250511174635_0617_D_tile_0031_x4256_y1824,0.51311,594.215,275.52,639.051,291.558,False,0.0,-1,False,0.0170780400011022,bgFP
DJI_20250511174629_0614_D_tile_0039_x4256_y2432,0.51298,605.256,494.899,639.5129999999999,542.158,False,0.0,-1,False,0.0,bgFP
DJI_20250511173421_0293_D_tile_0012_x2432_y608,0.51278,192.537,321.943,221.895,367.079,False,0.0,-1,False,0.0,bgFP
DJI_20250511174637_0618_D_tile_0062_x4640_y3316,0.51241,620.008,32.247,639.592,60.478,False,0.0,-1,False,0.0,bgFP
DJI_20250511174633_0616_D_tile_0054_x0_y3316,0.51183,148.308,418.216,208.882,454.541,False,0.0,-1,False,0.0,bgFP
DJI_20250511174637_0618_D_tile_0049_x4640_y608,0.50923,322.034,0.549,354.647,14.975,False,0.0,-1,False,0.0,bgFP
DJI_20250511173425_0295_D_tile_0033_x608_y2432,0.5083,150.559,330.804,252.579,377.624,False,0.0,-1,False,0.0541171429669168,bgFP
DJI_20250511174635_0617_D_tile_0049_x4640_y608,0.50805,425.139,0.993,459.169,40.987,False,0.0,-1,False,0.0,bgFP
DJI_20250511173941_0437_D_tile_0046_x3648_y3040,0.50775,513.018,579.946,541.099,625.712,False,0.0,-1,False,0.0,bgFP
DJI_20250511174633_0616_D_tile_0045_x3040_y3040,0.50773,212.485,615.41,231.007,639.929,False,0.0,-1,False,0.0,bgFP
DJI_20250511173421_0293_D_tile_0059_x3040_y3316,0.50601,520.25,286.998,549.926,302.252,False,0.0,-1,False,0.0,bgFP
DJI_20250511174637_0618_D_tile_0028_x2432_y1824,0.50498,0.841,215.397,20.281,265.733,False,0.0,-1,False,0.0,bgFP
DJI_20250511173937_0435_D_tile_0053_x4640_y3040,0.50466,0.069,396.958,44.075,456.818,False,0.0,-1,False,0.0903897704521657,bgFP
DJI_20250511174637_0618_D_tile_0053_x4640_y3040,0.50455,620.436,308.396,639.722,336.03000000000003,False,0.0,-1,False,0.0,bgFP
DJI_20250511173427_0296_D_tile_0053_x4640_y3040,0.50431,464.556,223.345,491.673,253.217,False,0.0,-1,False,0.0,bgFP
DJI_20250511174639_0619_D_tile_0056_x1216_y3316,0.50405,257.191,580.525,295.655,614.0649999999999,False,0.0,-1,False,0.0,bgFP
DJI_20250511173415_0290_D_tile_0023_x4256_y1216,0.50374,586.486,69.721,639.486,85.79,False,0.0,-1,False,0.0,bgFP
DJI_20250511173955_0444_D_tile_0062_x4640_y3316,0.50303,0.512,95.52,33.403,129.28,False,0.0,-1,False,0.0,bgFP
DJI_20250511174633_0616_D_tile_0007_x4256_y0,0.50231,109.211,346.62,144.406,373.045,False,0.0,-1,False,0.0403868279920097,bgFP
DJI_20250511174641_0620_D_tile_0029_x3040_y1824,0.50124,0.99,102.996,29.531,135.527,False,0.0,-1,False,0.0,bgFP
DJI_20250511174637_0618_D_tile_0062_x4640_y3316,0.50114,472.174,597.109,514.8679999999999,637.349,False,0.0,-1,False,0.0,bgFP
DJI_20250511173419_0292_D_tile_0040_x0_y3040,0.49802,399.997,42.07,423.648,76.035,False,0.0,-1,False,0.0403884190946569,bgFP
DJI_20250511173417_0291_D_tile_0028_x2432_y1824,0.4968,207.573,281.225,222.242,303.68600000000004,False,0.0,-1,False,0.0,bgFP
DJI_20250511174627_0613_D_tile_0030_x3648_y1824,0.49665,101.955,21.637,122.923,44.277,False,0.0,-1,False,0.0125380847414532,bgFP
DJI_20250511173433_0299_D_tile_0041_x608_y3040,0.49654,213.302,0.947,309.681,34.117000000000004,False,0.0,-1,False,0.0,bgFP
DJI_20250511174635_0617_D_tile_0049_x4640_y608,0.49648,0.472,353.687,46.193,437.578,False,0.0,-1,False,0.0004120740700727,bgFP
DJI_20250511173423_0294_D_tile_0011_x1824_y608,0.49595,18.829,274.651,57.218,306.461,False,0.0,-1,False,0.0,bgFP
DJI_20250511173425_0295_D_tile_0042_x1216_y3040,0.4957,114.967,0.906,170.003,36.406,False,0.0,-1,False,0.0,bgFP
DJI_20250511173955_0444_D_tile_0009_x608_y608,0.4946,139.839,544.782,191.679,568.283,False,0.0,-1,False,0.0,bgFP
DJI_20250511173429_0297_D_tile_0059_x3040_y3316,0.49452,614.816,282.815,639.991,311.571,False,0.0,-1,False,0.0,bgFP
DJI_20250511174627_0613_D_tile_0008_x0_y608,0.49422,551.549,223.707,586.55,251.511,False,0.0,-1,False,0.0,bgFP
DJI_20250511174631_0615_D_tile_0055_x608_y3316,0.49421,214.238,147.844,256.997,170.798,False,0.0,-1,False,0.0288507882030048,bgFP
DJI_20250511173425_0295_D_tile_0047_x4256_y3040,0.49377,13.573,569.527,66.713,639.7130000000001,False,0.0,-1,False,0.0,bgFP
DJI_20250511173415_0290_D_tile_0003_x1824_y0,0.49348,57.537,61.321,104.66,90.664,False,0.0,-1,False,0.0,bgFP
DJI_20250511173425_0295_D_tile_0002_x1216_y0,0.49337,425.02,387.571,480.498,417.823,False,0.0,-1,False,0.0,bgFP
DJI_20250511173417_0291_D_tile_0041_x608_y3040,0.49267,0.716,1.218,62.355,28.586,False,0.0,-1,False,0.0,bgFP
DJI_20250511174635_0617_D_tile_0019_x1824_y1216,0.49266,596.717,331.92,639.393,376.544,False,0.0,-1,False,0.0,bgFP
DJI_20250511173429_0297_D_tile_0022_x3648_y1216,0.49253,477.657,313.115,506.163,358.142,False,0.0,-1,False,0.0027869042992479,bgFP
DJI_20250511174627_0613_D_tile_0036_x2432_y2432,0.49074,424.883,583.983,448.139,639.9,False,0.0,-1,False,0.0,bgFP
DJI_20250511173431_0298_D_tile_0046_x3648_y3040,0.49039,405.769,594.315,442.659,639.4240000000001,False,0.0,-1,False,0.0,bgFP
DJI_20250511174643_0621_D_tile_0035_x1824_y2432,0.49035,531.928,614.8,568.761,639.7439999999999,False,0.0,-1,False,0.0,bgFP
DJI_20250511173431_0298_D_tile_0046_x3648_y3040,0.49033,212.592,602.97,319.50300000000004,639.621,False,0.0,-1,False,0.0,bgFP
DJI_20250511174629_0614_D_tile_0060_x3648_y3316,0.48918,96.035,184.185,128.514,226.31,False,0.0,-1,False,0.0944225013593968,bgFP
DJI_20250511173955_0444_D_tile_0033_x608_y2432,0.48793,190.465,175.263,220.965,201.3,False,0.0,-1,False,0.0,bgFP
DJI_20250511174635_0617_D_tile_0014_x3648_y608,0.48746,390.767,0.807,425.978,31.97,False,0.0,-1,False,0.0,bgFP
DJI_20250511174637_0618_D_tile_0022_x3648_y1216,0.48562,14.286,373.188,96.139,440.028,False,0.0,-1,False,0.0,bgFP
DJI_20250511174649_0624_D_tile_0052_x4640_y2432,0.48536,152.897,22.177,186.499,43.665,False,0.0,-1,False,0.0,bgFP
DJI_20250511174643_0621_D_tile_0027_x1824_y1824,0.48486,584.887,589.818,600.3829999999999,639.707,False,0.0,-1,False,0.0,bgFP
DJI_20250511173425_0295_D_tile_0001_x608_y0,0.48473,578.808,325.096,639.402,349.177,False,0.0,-1,False,0.0,bgFP
DJI_20250511174631_0615_D_tile_0005_x3040_y0,0.48378,171.101,182.994,188.015,214.396,False,0.0,-1,False,0.0,bgFP
DJI_20250511173419_0292_D_tile_0007_x4256_y0,0.48373,592.016,552.467,639.602,639.9159999999999,False,0.0,-1,False,0.0,bgFP
DJI_20250511174633_0616_D_tile_0057_x1824_y3316,0.48324,0.295,294.849,16.155,348.856,False,0.0,-1,False,0.0,bgFP
DJI_20250511173427_0296_D_tile_0015_x4256_y608,0.48273,0.304,543.508,30.763,578.605,False,0.0,-1,False,0.0,bgFP
DJI_20250511173421_0293_D_tile_0048_x4640_y0,0.48269,192.545,0.946,243.29,39.516,False,0.0,-1,False,0.0760362076187659,bgFP
DJI_20250511174627_0613_D_tile_0044_x2432_y3040,0.48194,196.148,408.478,208.935,439.04,False,0.0,-1,False,0.0724159580611089,bgFP
DJI_20250511174649_0624_D_tile_0050_x4640_y1216,0.48186,279.38,32.478,311.397,49.661,False,0.0,-1,False,0.0,bgFP
DJI_20250511174641_0620_D_tile_0061_x4256_y3316,0.4818,600.179,202.478,639.592,227.417,False,0.0,-1,False,0.0701475284541365,bgFP
DJI_20250511173415_0290_D_tile_0003_x1824_y0,0.48025,169.559,266.485,195.309,287.273,False,0.0,-1,False,0.0,bgFP
DJI_20250511174633_0616_D_tile_0003_x1824_y0,0.47968,254.871,405.597,272.044,459.181,False,0.0,-1,False,0.0,bgFP
DJI_20250511173425_0295_D_tile_0008_x0_y608,0.47965,376.087,609.174,393.707,639.829,False,0.0,-1,False,0.0,bgFP
DJI_20250511174643_0621_D_tile_0058_x2432_y3316,0.4787,592.566,391.297,639.537,431.48,False,0.0,-1,False,0.0,bgFP
DJI_20250511174631_0615_D_tile_0057_x1824_y3316,0.47809,77.638,424.222,99.765,457.042,False,0.0,-1,False,0.0,bgFP
DJI_20250511173939_0436_D_tile_0053_x4640_y3040,0.47801,613.712,298.233,639.934,373.984,False,0.0,-1,False,0.0,bgFP
DJI_20250511174629_0614_D_tile_0056_x1216_y3316,0.4777,537.843,583.814,558.116,624.23,False,0.0,-1,False,0.0,bgFP
DJI_20250511174633_0616_D_tile_0025_x608_y1824,0.47765,61.334,0.713,98.391,65.509,False,0.0,-1,False,0.0,bgFP
DJI_20250511173951_0442_D_tile_0023_x4256_y1216,0.47753,592.756,470.087,639.5,519.345,False,0.0,-1,False,0.0488996281018689,bgFP
DJI_20250511173415_0290_D_tile_0031_x4256_y1824,0.47689,0.492,176.894,78.29,196.567,False,0.0,-1,False,0.0,bgFP
DJI_20250511174629_0614_D_tile_0057_x1824_y3316,0.47662,0.176,142.363,15.892,176.78300000000002,False,0.0,-1,False,0.0,bgFP
DJI_20250511173421_0293_D_tile_0039_x4256_y2432,0.4761,0.711,433.405,35.619,494.889,False,0.0,-1,False,0.0229194457069846,bgFP
DJI_20250511173423_0294_D_tile_0060_x3648_y3316,0.476,313.05,402.845,368.426,470.2720000000001,False,0.0,-1,False,0.0,bgFP
DJI_20250511174643_0621_D_tile_0017_x608_y1216,0.47585,621.143,17.397,639.6310000000001,53.042,False,0.0,-1,False,0.0,bgFP
DJI_20250511173425_0295_D_tile_0036_x2432_y2432,0.47505,364.941,555.146,385.519,640.0,False,0.0,-1,False,0.0054445912594831,bgFP
DJI_20250511173421_0293_D_tile_0011_x1824_y608,0.47475,583.436,9.118,639.587,40.866,False,0.0,-1,False,0.0,bgFP
DJI_20250511173943_0438_D_tile_0040_x0_y3040,0.4743,269.289,518.147,315.725,552.211,False,0.0,-1,False,0.0,bgFP
DJI_20250511173955_0444_D_tile_0006_x3648_y0,0.47425,449.995,24.012,478.027,59.25,False,0.0,-1,False,0.0939541662765705,bgFP
DJI_20250511173415_0290_D_tile_0052_x4640_y2432,0.47423,516.117,521.388,540.622,540.849,False,0.0,-1,False,0.0,bgFP
DJI_20250511173433_0299_D_tile_0056_x1216_y3316,0.47411,274.294,472.346,299.301,530.689,False,0.0,-1,False,0.0,bgFP
DJI_20250511173419_0292_D_tile_0009_x608_y608,0.47391,601.343,0.718,638.0079999999999,30.641,False,0.0,-1,False,0.0,bgFP
DJI_20250511173939_0436_D_tile_0053_x4640_y3040,0.47366,545.434,603.19,568.2379999999999,621.9670000000001,False,0.0,-1,False,0.0,bgFP
DJI_20250511173957_0445_D_tile_0017_x608_y1216,0.47285,577.309,28.969,604.353,71.28200000000001,False,0.0,-1,False,0.0492901200943015,bgFP
DJI_20250511174643_0621_D_tile_0045_x3040_y3040,0.47247,122.865,180.389,148.403,225.80900000000003,False,0.0,-1,False,0.0605667774500017,bgFP
DJI_20250511174637_0618_D_tile_0023_x4256_y1216,0.47166,579.927,563.989,639.5500000000001,607.8040000000001,False,0.0,-1,False,0.0,bgFP
DJI_20250511174633_0616_D_tile_0006_x3648_y0,0.47035,415.983,478.49,455.787,505.012,False,0.0,-1,False,0.0,bgFP
DJI_20250511173417_0291_D_tile_0015_x4256_y608,0.46854,0.38,596.068,76.899,637.3009999999999,False,0.0,-1,False,0.0,bgFP
DJI_20250511174635_0617_D_tile_0016_x0_y1216,0.46833,129.21,352.851,153.423,378.929,False,0.0,-1,False,0.0,bgFP
DJI_20250511174633_0616_D_tile_0057_x1824_y3316,0.46771,518.923,435.256,547.509,462.636,False,0.0,-1,False,0.0,bgFP
DJI_20250511174649_0624_D_tile_0006_x3648_y0,0.46671,440.235,617.741,490.807,635.819,False,0.0,-1,False,0.0,bgFP
DJI_20250511174629_0614_D_tile_0017_x608_y1216,0.46533,86.69,622.711,160.914,639.774,False,0.0,-1,False,0.0,bgFP
DJI_20250511173423_0294_D_tile_0043_x1824_y3040,0.46518,248.923,23.548,298.924,104.393,False,0.0,-1,False,0.0557308063423597,bgFP
DJI_20250511174635_0617_D_tile_0047_x4256_y3040,0.46456,91.27,93.971,129.416,129.323,False,0.0,-1,False,0.0539187337417881,bgFP
DJI_20250511174639_0619_D_tile_0002_x1216_y0,0.46261,86.703,34.321,105.833,68.97399999999999,False,0.0,-1,False,0.0,bgFP
DJI_20250511173941_0437_D_tile_0062_x4640_y3316,0.46244,305.444,75.561,335.16700000000003,121.54500000000002,False,0.0,-1,False,0.0,bgFP
DJI_20250511173939_0436_D_tile_0005_x3040_y0,0.4612,37.839,266.593,74.658,300.156,False,0.0,-1,False,0.0,bgFP
DJI_20250511174641_0620_D_tile_0055_x608_y3316,0.46059,515.84,253.323,540.498,270.836,False,0.0,-1,False,0.0,bgFP
DJI_20250511174637_0618_D_tile_0038_x3648_y2432,0.46032,396.062,336.607,419.246,347.44500000000005,False,0.0,-1,False,0.0,bgFP
DJI_20250511173939_0436_D_tile_0057_x1824_y3316,0.45977,478.513,295.936,532.5699999999999,340.813,False,0.0,-1,False,0.0867060128679387,bgFP
DJI_20250511173951_0442_D_tile_0019_x1824_y1216,0.45852,495.559,406.971,532.676,438.648,False,0.0,-1,False,0.0466440976786922,bgFP
DJI_20250511174629_0614_D_tile_0041_x608_y3040,0.45831,0.478,253.986,38.144,340.23,False,0.0,-1,False,0.0,bgFP
DJI_20250511174635_0617_D_tile_0005_x3040_y0,0.4558,472.282,509.411,511.648,537.323,False,0.0,-1,False,0.0,bgFP
DJI_20250511173957_0445_D_tile_0016_x0_y1216,0.45428,308.958,235.248,337.675,290.506,False,0.0,-1,False,0.0,bgFP
DJI_20250511173431_0298_D_tile_0037_x3040_y2432,0.4541,440.481,544.688,472.286,577.025,False,0.0,-1,False,0.0,bgFP
DJI_20250511174627_0613_D_tile_0062_x4640_y3316,0.45353,287.994,607.109,325.048,639.289,False,0.0,-1,False,0.0,bgFP
DJI_20250511173939_0436_D_tile_0058_x2432_y3316,0.45297,12.14,442.575,40.162,476.586,False,0.0,-1,False,0.0,bgFP
DJI_20250511173423_0294_D_tile_0002_x1216_y0,0.45259,496.325,1.002,547.286,27.067,False,0.0,-1,False,0.0,bgFP
DJI_20250511174635_0617_D_tile_0004_x2432_y0,0.45244,239.27,27.595,264.69100000000003,47.992,False,0.0,-1,False,0.0,bgFP
DJI_20250511174637_0618_D_tile_0038_x3648_y2432,0.45203,600.026,494.495,639.794,581.253,False,0.0,-1,False,0.0,bgFP
DJI_20250511174627_0613_D_tile_0000_x0_y0,0.45114,227.536,404.295,271.213,422.371,False,0.0,-1,False,0.0,bgFP
DJI_20250511173421_0293_D_tile_0050_x4640_y1216,0.45059,534.76,8.813,639.819,55.365,False,0.0,-1,False,0.0,bgFP
DJI_20250511173433_0299_D_tile_0054_x0_y3316,0.45011,142.684,329.158,180.603,358.52500000000003,False,0.0,-1,False,0.0,bgFP
DJI_20250511174633_0616_D_tile_0001_x608_y0,0.44999,503.7,411.452,534.011,440.777,False,0.0,-1,False,0.0,bgFP
DJI_20250511174643_0621_D_tile_0008_x0_y608,0.44942,204.208,274.094,253.665,295.279,False,0.0,-1,False,0.0,bgFP
DJI_20250511173941_0437_D_tile_0053_x4640_y3040,0.44941,302.471,352.152,334.946,396.971,False,0.0,-1,False,0.0,bgFP
DJI_20250511174627_0613_D_tile_0046_x3648_y3040,0.44844,161.948,617.235,191.746,639.519,False,0.0,-1,False,0.0521039068264999,bgFP
DJI_20250511174635_0617_D_tile_0052_x4640_y2432,0.44631,592.646,201.892,621.501,227.388,False,0.0,-1,False,0.0299341091852662,bgFP
DJI_20250511174641_0620_D_tile_0023_x4256_y1216,0.44575,326.709,207.679,372.747,226.581,False,0.0,-1,False,0.0,bgFP
DJI_20250511174631_0615_D_tile_0043_x1824_y3040,0.44491,212.984,563.866,247.328,598.764,False,0.0,-1,False,0.0,bgFP
DJI_20250511174637_0618_D_tile_0013_x3040_y608,0.44488,89.843,7.005,116.131,42.117,False,0.0,-1,False,0.0048905273572571,bgFP
DJI_20250511173945_0439_D_tile_0004_x2432_y0,0.44434,547.131,446.715,570.0749999999999,478.772,False,0.0,-1,False,0.0493394334020418,bgFP
DJI_20250511174635_0617_D_tile_0059_x3040_y3316,0.44385,142.473,0.704,155.566,29.758,False,0.0,-1,False,0.0,bgFP
DJI_20250511174627_0613_D_tile_0004_x2432_y0,0.44359,55.005,150.296,85.911,179.755,False,0.0,-1,False,0.0,bgFP
DJI_20250511174627_0613_D_tile_0041_x608_y3040,0.44335,482.467,272.131,498.047,290.335,False,0.0,-1,False,0.0,bgFP
DJI_20250511174637_0618_D_tile_0022_x3648_y1216,0.44323,0.747,524.591,38.042,549.232,False,0.0,-1,False,0.0,bgFP
DJI_20250511174649_0624_D_tile_0059_x3040_y3316,0.44221,141.523,603.932,166.122,639.818,False,0.0,-1,False,0.0,bgFP
DJI_20250511174631_0615_D_tile_0054_x0_y3316,0.44181,350.67,594.479,382.3,631.726,False,0.0,-1,False,0.0,bgFP
DJI_20250511174631_0615_D_tile_0058_x2432_y3316,0.44129,160.815,455.443,176.983,479.091,False,0.0,-1,False,0.0,bgFP
DJI_20250511173943_0438_D_tile_0037_x3040_y2432,0.44055,69.136,606.128,127.169,639.6750000000001,False,0.0,-1,False,0.0,bgFP
DJI_20250511174631_0615_D_tile_0025_x608_y1824,0.43992,382.519,25.126,425.227,50.232,False,0.0,-1,False,0.0063030516989126,bgFP
DJI_20250511174643_0621_D_tile_0049_x4640_y608,0.43976,364.615,436.503,390.551,456.346,False,0.0,-1,False,0.0,bgFP
DJI_20250511173419_0292_D_tile_0024_x0_y1824,0.4377,569.299,558.375,594.555,640.0,False,0.0,-1,False,0.0,bgFP
DJI_20250511174643_0621_D_tile_0035_x1824_y2432,0.43641,581.801,586.234,639.71,639.7460000000001,False,0.0,-1,False,0.0,bgFP
DJI_20250511174643_0621_D_tile_0049_x4640_y608,0.43562,242.067,215.349,275.204,278.102,False,0.0,-1,False,0.0351074472658194,bgFP
DJI_20250511174629_0614_D_tile_0000_x0_y0,0.43466,379.401,285.633,437.585,332.442,False,0.0,-1,False,0.0,bgFP
DJI_20250511173421_0293_D_tile_0034_x1216_y2432,0.43458,0.813,145.098,107.33,230.68400000000003,False,0.0,-1,False,0.0374909033472125,bgFP
DJI_20250511173427_0296_D_tile_0035_x1824_y2432,0.43451,193.396,322.421,260.405,381.207,False,0.0,-1,False,0.0,bgFP
DJI_20250511174629_0614_D_tile_0028_x2432_y1824,0.43426,0.14,1.188,15.772,45.853,False,0.0,-1,False,0.0,bgFP
DJI_20250511173951_0442_D_tile_0014_x3648_y608,0.43389,583.777,287.693,639.873,316.296,False,0.0,-1,False,0.0,bgFP
DJI_20250511174635_0617_D_tile_0017_x608_y1216,0.43356,401.468,388.674,437.615,403.74,False,0.0,-1,False,0.0,bgFP
DJI_20250511173937_0435_D_tile_0003_x1824_y0,0.43276,145.261,601.548,186.942,640.0,False,0.0,-1,False,0.0,bgFP
DJI_20250511174627_0613_D_tile_0044_x2432_y3040,0.43254,429.448,0.671,449.267,40.861,False,0.0,-1,False,0.0,bgFP
DJI_20250511174639_0619_D_tile_0026_x1216_y1824,0.43245,606.197,566.353,639.941,593.7819999999999,False,0.0,-1,False,0.0,bgFP
DJI_20250511174639_0619_D_tile_0043_x1824_y3040,0.43113,618.145,0.728,639.741,46.927,False,0.0,-1,False,0.0,bgFP
DJI_20250511174633_0616_D_tile_0056_x1216_y3316,0.43106,0.576,182.344,19.378,210.84,False,0.0,-1,False,0.0,bgFP
DJI_20250511173947_0440_D_tile_0050_x4640_y1216,0.42992,322.693,190.64,445.514,213.208,False,0.0,-1,False,0.0513457442542847,bgFP
DJI_20250511174635_0617_D_tile_0035_x1824_y2432,0.42986,588.235,279.774,639.463,321.101,False,0.0,-1,False,0.0,bgFP
DJI_20250511174635_0617_D_tile_0004_x2432_y0,0.42945,593.335,1.212,609.635,73.723,False,0.0,-1,False,0.0,bgFP
DJI_20250511174649_0624_D_tile_0062_x4640_y3316,0.42881,290.112,619.354,322.99300000000005,639.408,False,0.0,-1,False,0.0,bgFP
DJI_20250511174635_0617_D_tile_0042_x1216_y3040,0.4275,602.034,15.026,639.494,77.406,False,0.0,-1,False,0.0,bgFP
DJI_20250511174629_0614_D_tile_0000_x0_y0,0.42677,86.802,591.762,116.363,619.156,False,0.0,-1,False,0.0,bgFP
DJI_20250511173423_0294_D_tile_0033_x608_y2432,0.42514,304.024,451.613,346.754,480.778,False,0.0,-1,False,0.0,bgFP
DJI_20250511174637_0618_D_tile_0060_x3648_y3316,0.42257,0.586,0.443,21.885,25.412000000000003,False,0.0,-1,False,0.0,bgFP
DJI_20250511173425_0295_D_tile_0013_x3040_y608,0.42241,519.332,215.342,553.163,258.647,False,0.0,-1,False,0.0,bgFP
DJI_20250511173423_0294_D_tile_0003_x1824_y0,0.42197,133.142,0.566,166.976,39.884,False,0.0,-1,False,0.0,bgFP
DJI_20250511173431_0298_D_tile_0052_x4640_y2432,0.42193,556.34,582.386,592.9490000000001,600.8009999999999,False,0.0,-1,False,0.0,bgFP
DJI_20250511173953_0443_D_tile_0021_x3040_y1216,0.4219,398.459,534.072,440.797,548.463,False,0.0,-1,False,0.0,bgFP
DJI_20250511174631_0615_D_tile_0044_x2432_y3040,0.42153,162.722,587.141,176.202,625.5659999999999,False,0.0,-1,False,0.0,bgFP
DJI_20250511174643_0621_D_tile_0032_x0_y2432,0.42102,0.458,434.724,33.849,458.548,False,0.0,-1,False,0.0,bgFP
DJI_20250511174631_0615_D_tile_0028_x2432_y1824,0.42041,382.93,209.485,401.36,241.83,False,0.0,-1,False,0.0,bgFP
DJI_20250511173419_0292_D_tile_0008_x0_y608,0.42035,14.939,355.837,58.093,389.991,False,0.0,-1,False,0.0,bgFP
DJI_20250511174627_0613_D_tile_0016_x0_y1216,0.42002,388.841,357.024,447.863,376.204,False,0.0,-1,False,0.0014102076437836,bgFP
DJI_20250511174633_0616_D_tile_0033_x608_y2432,0.4196,197.202,146.325,227.994,179.43099999999998,False,0.0,-1,False,0.0,bgFP
DJI_20250511174649_0624_D_tile_0014_x3648_y608,0.41945,440.426,0.181,492.515,27.269,False,0.0,-1,False,0.0,bgFP
DJI_20250511174637_0618_D_tile_0048_x4640_y0,0.41901,378.842,121.032,407.164,137.198,False,0.0,-1,False,0.0,bgFP
DJI_20250511173423_0294_D_tile_0035_x1824_y2432,0.41896,457.369,138.892,506.318,232.977,False,0.0,-1,False,0.0,bgFP
DJI_20250511173425_0295_D_tile_0000_x0_y0,0.4188,541.963,385.613,580.4399999999999,467.777,False,0.0,-1,False,0.0,bgFP
DJI_20250511173417_0291_D_tile_0060_x3648_y3316,0.41854,475.877,98.905,525.532,140.457,False,0.0,-1,False,0.096812617688027,bgFP
DJI_20250511173939_0436_D_tile_0053_x4640_y3040,0.41852,603.16,445.325,639.702,487.868,False,0.0,-1,False,0.0,bgFP
DJI_20250511174639_0619_D_tile_0051_x4640_y1824,0.41838,222.672,0.813,264.545,48.589000000000006,False,0.0,-1,False,0.0,bgFP
DJI_20250511174637_0618_D_tile_0027_x1824_y1824,0.41836,381.464,423.652,417.225,457.695,False,0.0,-1,False,0.0,bgFP
DJI_20250511174633_0616_D_tile_0057_x1824_y3316,0.41798,287.785,335.41,303.68100000000004,366.461,False,0.0,-1,False,0.0,bgFP
DJI_20250511174627_0613_D_tile_0001_x608_y0,0.41796,339.512,512.153,382.834,619.455,False,0.0,-1,False,0.0,bgFP
DJI_20250511174643_0621_D_tile_0010_x1216_y608,0.41768,628.734,564.719,639.9340000000001,639.336,False,0.0,-1,False,0.0,bgFP
DJI_20250511174635_0617_D_tile_0004_x2432_y0,0.41646,570.92,1.152,589.6579999999999,54.393,False,0.0,-1,False,0.0,bgFP
DJI_20250511173947_0440_D_tile_0060_x3648_y3316,0.41617,573.004,604.885,602.79,639.99,False,0.0,-1,False,0.0,bgFP
DJI_20250511174627_0613_D_tile_0026_x1216_y1824,0.4157,133.592,388.677,174.854,412.582,False,0.0,-1,False,0.0209381100964195,bgFP
DJI_20250511173427_0296_D_tile_0013_x3040_y608,0.41501,245.129,542.421,289.223,600.351,False,0.0,-1,False,0.0,bgFP
DJI_20250511174627_0613_D_tile_0000_x0_y0,0.41479,619.412,22.026,639.6560000000001,55.709,False,0.0,-1,False,0.0,bgFP
DJI_20250511174627_0613_D_tile_0044_x2432_y3040,0.41393,481.212,242.367,502.555,271.238,False,0.0,-1,False,0.0,bgFP
DJI_20250511174629_0614_D_tile_0009_x608_y608,0.41332,604.721,567.33,618.524,612.09,False,0.0,-1,False,0.0,bgFP
DJI_20250511174631_0615_D_tile_0057_x1824_y3316,0.41313,212.443,287.153,248.677,323.35400000000004,False,0.0,-1,False,0.0,bgFP
DJI_20250511173415_0290_D_tile_0047_x4256_y3040,0.41212,23.422,143.143,53.892,189.301,False,0.0,-1,False,0.0,bgFP
DJI_20250511173433_0299_D_tile_0033_x608_y2432,0.41139,1.089,443.147,61.809,471.494,False,0.0,-1,False,0.047309887119184,bgFP
DJI_20250511173427_0296_D_tile_0032_x0_y2432,0.41122,433.899,0.872,470.342,38.946,False,0.0,-1,False,0.0,bgFP
DJI_20250511173939_0436_D_tile_0043_x1824_y3040,0.41119,480.106,571.921,532.717,619.167,False,0.0,-1,False,0.0791672528744799,bgFP
DJI_20250511173419_0292_D_tile_0009_x608_y608,0.41105,577.178,44.329,599.732,87.814,False,0.0,-1,False,0.0,bgFP
DJI_20250511174633_0616_D_tile_0026_x1216_y1824,0.41015,101.14,17.866,142.824,34.454,False,0.0,-1,False,0.0,bgFP
DJI_20250511174637_0618_D_tile_0047_x4256_y3040,0.40993,533.334,277.837,580.9179999999999,301.988,False,0.0,-1,False,0.0870637467578816,bgFP
DJI_20250511174637_0618_D_tile_0030_x3648_y1824,0.40981,337.355,0.759,423.309,39.462,False,0.0,-1,False,0.0,bgFP
DJI_20250511174641_0620_D_tile_0041_x608_y3040,0.40971,0.665,457.66,42.838,502.105,False,0.0,-1,False,0.0,bgFP
DJI_20250511174637_0618_D_tile_0057_x1824_y3316,0.40898,162.43,0.604,177.207,43.613,False,0.0,-1,False,0.0,bgFP
DJI_20250511174627_0613_D_tile_0028_x2432_y1824,0.40803,254.994,0.708,309.084,24.193,False,0.0,-1,False,0.0,bgFP
DJI_20250511174637_0618_D_tile_0027_x1824_y1824,0.40769,57.411,287.709,147.361,314.493,False,0.0,-1,False,0.0,bgFP
DJI_20250511173421_0293_D_tile_0011_x1824_y608,0.40714,0.257,488.641,115.154,637.765,False,0.0,-1,False,0.0,bgFP
DJI_20250511173421_0293_D_tile_0033_x608_y2432,0.40707,243.662,203.535,279.221,222.765,False,0.0,-1,False,0.0071942918463859,bgFP
DJI_20250511174635_0617_D_tile_0055_x608_y3316,0.40693,181.543,447.548,219.383,498.923,False,0.0,-1,False,0.0,bgFP
DJI_20250511173421_0293_D_tile_0062_x4640_y3316,0.40688,0.692,446.607,47.065,538.418,False,0.0,-1,False,0.0,bgFP
DJI_20250511173433_0299_D_tile_0035_x1824_y2432,0.40637,562.278,70.747,584.018,134.814,False,0.0,-1,False,0.0,bgFP
DJI_20250511173415_0290_D_tile_0000_x0_y0,0.40601,466.385,587.516,506.975,612.972,False,0.0,-1,False,0.0,bgFP
DJI_20250511173953_0443_D_tile_0051_x4640_y1824,0.40503,466.705,407.856,487.852,443.178,False,0.0,-1,False,0.0,bgFP
DJI_20250511173953_0443_D_tile_0035_x1824_y2432,0.40492,300.798,14.865,345.578,39.566,False,0.0,-1,False,0.0,bgFP
DJI_20250511174633_0616_D_tile_0046_x3648_y3040,0.40422,252.849,620.499,271.547,639.409,False,0.0,-1,False,0.0,bgFP
DJI_20250511173429_0297_D_tile_0056_x1216_y3316,0.40376,94.899,3.876,154.464,59.754,False,0.0,-1,False,0.0,bgFP
DJI_20250511173957_0445_D_tile_0033_x608_y2432,0.40275,47.792,195.106,112.582,213.88,False,0.0,-1,False,0.0,bgFP
DJI_20250511174633_0616_D_tile_0027_x1824_y1824,0.40266,0.592,174.076,45.245,199.573,False,0.0,-1,False,0.0,bgFP
DJI_20250511174627_0613_D_tile_0051_x4640_y1824,0.40214,29.103,561.907,64.065,639.908,False,0.0,-1,False,0.0,bgFP
DJI_20250511173423_0294_D_tile_0023_x4256_y1216,0.4018,1.199,401.179,113.793,469.867,False,0.0,-1,False,0.0,bgFP
DJI_20250511173417_0291_D_tile_0041_x608_y3040,0.40144,0.67,103.859,32.447,122.788,False,0.0,-1,False,0.0,bgFP
DJI_20250511174627_0613_D_tile_0022_x3648_y1216,0.40111,519.859,126.923,545.822,142.32,False,0.0,-1,False,0.0,bgFP
DJI_20250511174637_0618_D_tile_0022_x3648_y1216,0.40105,605.546,401.109,639.5540000000001,418.224,False,0.0,-1,False,0.0,bgFP
DJI_20250511174631_0615_D_tile_0024_x0_y1824,0.40092,368.02,531.37,411.036,547.579,False,0.0,-1,False,0.0,bgFP
DJI_20250511174633_0616_D_tile_0047_x4256_y3040,0.39998,307.615,163.181,337.07,177.78500000000005,False,0.0,-1,False,0.0,bgFP
DJI_20250511173423_0294_D_tile_0002_x1216_y0,0.39957,339.612,209.23,383.356,251.262,False,0.0,-1,False,0.0,bgFP
DJI_20250511173951_0442_D_tile_0054_x0_y3316,0.39943,301.334,124.771,335.055,148.151,False,0.0,-1,False,0.0,bgFP
DJI_20250511173427_0296_D_tile_0052_x4640_y2432,0.39882,0.455,1.018,29.535,35.675,False,0.0,-1,False,0.0,bgFP
DJI_20250511173419_0292_D_tile_0009_x608_y608,0.39852,0.304,203.94,75.174,287.044,False,0.0,-1,False,0.0,bgFP
DJI_20250511173415_0290_D_tile_0060_x3648_y3316,0.39829,359.011,595.253,401.9090000000001,639.664,False,0.0,-1,False,0.0,bgFP
DJI_20250511174633_0616_D_tile_0026_x1216_y1824,0.39807,584.909,180.876,639.471,208.654,False,0.0,-1,False,0.0,bgFP
DJI_20250511173937_0435_D_tile_0020_x2432_y1216,0.39743,611.594,0.711,639.873,28.156,False,0.0,-1,False,0.0,bgFP
DJI_20250511173955_0444_D_tile_0028_x2432_y1824,0.39726,442.341,226.486,465.879,255.432,False,0.0,-1,False,0.0,bgFP
DJI_20250511174631_0615_D_tile_0004_x2432_y0,0.39722,554.397,316.593,575.825,342.228,False,0.0,-1,False,0.0,bgFP
DJI_20250511173433_0299_D_tile_0002_x1216_y0,0.39664,312.666,1.067,345.339,46.735,False,0.0,-1,False,0.0,bgFP
DJI_20250511174637_0618_D_tile_0007_x4256_y0,0.3965,436.217,58.536,448.546,78.021,False,0.0,-1,False,0.0394142570195572,bgFP
DJI_20250511174639_0619_D_tile_0019_x1824_y1216,0.39591,141.435,620.754,186.69,639.879,False,0.0,-1,False,0.0,bgFP
DJI_20250511173421_0293_D_tile_0050_x4640_y1216,0.39562,370.896,72.199,534.034,176.649,False,0.0,-1,False,0.0,bgFP
DJI_20250511174639_0619_D_tile_0053_x4640_y3040,0.39549,171.01,0.567,230.95,15.89,False,0.0,-1,False,0.0,bgFP
DJI_20250511173427_0296_D_tile_0059_x3040_y3316,0.39429,587.955,238.105,639.662,269.474,False,0.0,-1,False,0.0,bgFP
DJI_20250511173415_0290_D_tile_0056_x1216_y3316,0.39408,157.374,604.259,180.769,640.0,False,0.0,-1,False,0.0,bgFP
DJI_20250511173423_0294_D_tile_0015_x4256_y608,0.39319,0.184,279.58,21.867,308.933,False,0.0,-1,False,0.0,bgFP
DJI_20250511173421_0293_D_tile_0045_x3040_y3040,0.39301,519.707,563.799,549.887,578.269,False,0.0,-1,False,0.0,bgFP
DJI_20250511174639_0619_D_tile_0014_x3648_y608,0.39225,67.29,0.546,87.452,47.638,False,0.0,-1,False,0.0,bgFP
DJI_20250511174631_0615_D_tile_0054_x0_y3316,0.39224,504.438,610.022,542.67,639.8280000000001,False,0.0,-1,False,0.0777371622695729,bgFP
DJI_20250511173419_0292_D_tile_0005_x3040_y0,0.39185,319.612,594.426,429.585,639.7040000000001,False,0.0,-1,False,0.0590919098505132,bgFP
DJI_20250511174639_0619_D_tile_0060_x3648_y3316,0.3918,160.886,242.932,179.751,282.503,False,0.0,-1,False,0.0,bgFP
DJI_20250511173423_0294_D_tile_0050_x4640_y1216,0.3913,94.76,393.205,265.219,472.531,False,0.0,-1,False,0.0,bgFP
DJI_20250511173937_0435_D_tile_0036_x2432_y2432,0.39128,115.698,317.875,178.629,370.379,False,0.0,-1,False,0.0002945608807138,bgFP
DJI_20250511173431_0298_D_tile_0047_x4256_y3040,0.39054,614.673,24.649,639.954,65.458,False,0.0,-1,False,0.0,bgFP
DJI_20250511173421_0293_D_tile_0008_x0_y608,0.39045,198.309,75.231,307.479,104.262,False,0.0,-1,False,0.0736986355792034,bgFP
DJI_20250511173419_0292_D_tile_0048_x4640_y0,0.39027,536.171,56.217,576.922,100.723,False,0.0,-1,False,0.0,bgFP
DJI_20250511174635_0617_D_tile_0061_x4256_y3316,0.38986,37.564,0.704,81.199,20.404,False,0.0,-1,False,0.0,bgFP
DJI_20250511173429_0297_D_tile_0050_x4640_y1216,0.38948,40.838,342.991,90.932,388.406,False,0.0,-1,False,0.0,bgFP
DJI_20250511174649_0624_D_tile_0062_x4640_y3316,0.38893,224.467,607.397,248.874,639.6320000000001,False,0.0,-1,False,0.0,bgFP
DJI_20250511173957_0445_D_tile_0015_x4256_y608,0.38847,233.881,70.482,258.287,86.486,False,0.0,-1,False,0.0,bgFP
DJI_20250511174643_0621_D_tile_0000_x0_y0,0.38827,587.987,0.966,616.5559999999999,39.647,False,0.0,-1,False,0.0,bgFP
DJI_20250511174635_0617_D_tile_0011_x1824_y608,0.38729,573.38,245.339,609.167,299.761,False,0.0,-1,False,0.0,bgFP
DJI_20250511174629_0614_D_tile_0020_x2432_y1216,0.38725,252.805,571.228,280.823,596.2719999999999,False,0.0,-1,False,0.0,bgFP
DJI_20250511173427_0296_D_tile_0045_x3040_y3040,0.38711,561.257,474.557,638.91,502.006,False,0.0,-1,False,0.0,bgFP
DJI_20250511174627_0613_D_tile_0031_x4256_y1824,0.38655,413.01,561.877,448.041,639.858,False,0.0,-1,False,0.0,bgFP
DJI_20250511173937_0435_D_tile_0032_x0_y2432,0.38646,395.369,117.058,424.7190000000001,131.971,False,0.0,-1,False,0.0,bgFP
DJI_20250511174637_0618_D_tile_0056_x1216_y3316,0.386,623.713,141.816,639.656,181.253,False,0.0,-1,False,0.0,bgFP
DJI_20250511173937_0435_D_tile_0002_x1216_y0,0.38593,375.095,69.903,393.63000000000005,98.208,False,0.0,-1,False,0.0,bgFP
DJI_20250511174637_0618_D_tile_0057_x1824_y3316,0.38572,607.882,531.539,639.909,556.932,False,0.0,-1,False,0.0,bgFP
DJI_20250511174627_0613_D_tile_0003_x1824_y0,0.38516,596.293,596.291,639.479,639.1600000000001,False,0.0,-1,False,0.0,bgFP
DJI_20250511174637_0618_D_tile_0048_x4640_y0,0.3847,51.62,58.541,65.03,78.545,False,0.0,-1,False,0.0276721988113955,bgFP
DJI_20250511174641_0620_D_tile_0031_x4256_y1824,0.38461,346.442,562.782,379.102,581.619,False,0.0,-1,False,0.0,bgFP
DJI_20250511173427_0296_D_tile_0053_x4640_y3040,0.3818,539.585,166.975,600.599,217.8,False,0.0,-1,False,0.0,bgFP
DJI_20250511173425_0295_D_tile_0018_x1216_y1216,0.38165,37.729,407.152,91.729,431.422,False,0.0,-1,False,0.0,bgFP
DJI_20250511173417_0291_D_tile_0040_x0_y3040,0.38086,606.335,103.091,639.5260000000001,124.272,False,0.0,-1,False,0.0,bgFP
DJI_20250511174641_0620_D_tile_0050_x4640_y1216,0.38038,601.009,260.172,639.8340000000001,276.459,False,0.0,-1,False,0.0,bgFP
DJI_20250511173941_0437_D_tile_0052_x4640_y2432,0.38031,306.944,482.667,338.30600000000004,516.751,False,0.0,-1,False,0.0,bgFP
DJI_20250511173433_0299_D_tile_0025_x608_y1824,0.38024,237.995,484.249,353.83500000000004,533.192,False,0.0,-1,False,0.0,bgFP
DJI_20250511173421_0293_D_tile_0027_x1824_y1824,0.37891,454.171,1.858,492.445,61.409,False,0.0,-1,False,0.0,bgFP
DJI_20250511174633_0616_D_tile_0050_x4640_y1216,0.37772,616.967,224.414,639.718,244.858,False,0.0,-1,False,0.0036440233392863,bgFP
