tag,iou_nms,imgsz,tta,P,R,mAP50,mAP75,mAP50_95,F1
nms_iou040,0.4,640,False,0.8469359138430672,0.8288200301873391,0.8778915574217324,0.5709527013585918,0.534721182350801,0.8377800504646942
nms_iou050,0.5,640,False,0.8475001018922697,0.8304246607126483,0.8862331271850339,0.5808291763918288,0.5442200261612115,0.8388754969861962
nms_iou060,0.6,640,False,0.8505464429218798,0.8221011324890232,0.8877935366037729,0.5933146713396247,0.5519844965860065,0.8360819149710164
nms_iou070,0.7,640,False,0.8491120254539664,0.8134121970058987,0.8826727680398901,0.6085328376132138,0.5563899315993551,0.8308788152352024
nms_iou080,0.8,640,False,0.8540876441439615,0.7982657603970176,0.8751227679417887,0.6153100965671209,0.5561503155748586,0.8252337796800517
nms_iou090,0.9,640,False,0.8347815005584899,0.7644157914020586,0.8481683849813267,0.6109993417339908,0.5456697312841257,0.7980505777556784
nms_iou095,0.95,640,False,0.7700001152041795,0.6931666096870677,0.7846254162105593,0.5765357496753214,0.5120236883758615,0.7295660299470025
imgsz960,0.7,960,False,0.8452602745447623,0.8081328242919293,0.8803702694630923,0.6068355888665005,0.552510951345024,0.8262796952645314
tta640,0.7,640,True,0.841706885035472,0.8091994664822392,0.8791528638450493,0.6100204405778596,0.5536914662986102,0.8251331296641684
