conf,P,R,F1
0.9328,1.0,8.878629139660837e-05,0.00017755681818181821
0.89086,0.9959016393442623,0.021575068809375833,0.042235161206222296
0.88246,0.9918032786885246,0.04297256503595845,0.08237596800272319
0.87534,0.9890710382513661,0.06428127497114446,0.12071696540225092
0.86981,0.985655737704918,0.08541241232353725,0.15720238581583462
0.86379,0.9819672131147541,0.10636597709313682,0.19194103981414723
0.85806,0.9788251366120219,0.12723075557133978,0.22519053979728137
0.8531,0.9789227166276346,0.1484506792151292,0.25780587464343535
0.84766,0.9789959016393442,0.16967060285891858,0.2892167990919409
0.84175,0.9790528233151184,0.190890526502708,0.3194888178913738
0.83574,0.978688524590164,0.21202166385510077,0.34853681675545506
0.82964,0.9787630402384501,0.23324158749889018,0.37671183767118377
0.82402,0.9781420765027322,0.25428393855988635,0.40363610739200906
0.81774,0.9773013871374527,0.27523750332948593,0.42951160374090747
0.81127,0.9754098360655737,0.2958359229334991,0.45398187887458274
0.80448,0.975136612021858,0.31687827399449525,0.4783220532064599
0.79805,0.9713114754098361,0.3366776169759389,0.5000329663084327
0.79107,0.9693828351012537,0.35700967770576225,0.5218350528843034
0.78273,0.968351548269581,0.37760809730977535,0.5433407856914724
0.77494,0.9672131147540983,0.3981177306223919,0.5640606327441977
0.76638,0.9657786885245901,0.4184497913522152,0.583906337112061
0.7575,0.9644808743169399,0.4387818520820385,0.6031610422896198
0.74795,0.9618107302533532,0.458403622480689,0.6208887018218989
0.73778,0.9590163934426229,0.4778478202965462,0.6378666666666666
0.72732,0.9566256830601093,0.49738080440380006,0.6544774811612828
0.71624,0.9552459016393443,0.5173577199680369,0.6711973737257386
0.70475,0.9522383354350568,0.5363579863269111,0.6862043505423978
0.69218,0.9474802671523983,0.5542040308976294,0.6993445745336395
0.67822,0.9456967213114754,0.5736482287134866,0.7141199226305609
0.66515,0.9423403052572075,0.5920269910325846,0.7271934129450898
0.65161,0.9386612021857923,0.610050608186096,0.7394930850777592
0.63524,0.9348228450555262,0.6278078664654178,0.7511552557497211
0.61742,0.9307120901639344,0.6452099795791529,0.762099522835719
0.59898,0.9282165921510184,0.6635887418982509,0.7739062904478384
0.58204,0.924662487945998,0.6810796413033827,0.7843959302622833
0.5608,0.9197892271662763,0.6974163189203587,0.7933141443215674
0.54053,0.9154143897996357,0.7139305691201279,0.8022147952312066
0.52035,0.9099468320779797,0.7293793838231377,0.8097185944507417
0.49576,0.902825711820535,0.7432300452810087,0.8152909666423179
0.47515,0.8957545187053384,0.7568143478646897,0.8204437172144954
0.45122,0.8885245901639345,0.7699547189913877,0.8250011891737621
0.4275,0.8812475009996001,0.7827399449524993,0.8290779141392769
0.40376,0.8722677595628415,0.7936606587942822,0.8311096648226489
0.3808,0.8622760198246283,0.8032495782651159,0.8317168467019076
0.35809,0.8521795827123696,0.8123057799875699,0.8317650802309197
0.33644,0.8419854280510018,0.8208292639616444,0.8312727599694285
0.31552,0.8323235923022095,0.8294415342271153,0.8308800640369992
0.29601,0.8224625043599582,0.8374323004528101,0.8298798996964498
0.27809,0.8117315573770492,0.8440912723075558,0.8275952121871599
0.25911,0.8011040481766477,0.850395098996715,0.8250139971575003
0.24422,0.7907377049180327,0.8565213531030809,0.8223159868729488
0.22752,0.7806171648987463,0.8624700346266536,0.8195047876154722
0.21322,0.7694672131147541,0.8668205629050875,0.8152477975867396
0.2002,0.7588153417878132,0.8712598774749178,0.8111593304401735
0.18937,0.7479508196721312,0.8749889017135755,0.8064978108760588
0.17817,0.7374068554396424,0.8786291396608363,0.8018474253534822
0.16776,0.7276785714285714,0.8828020953564769,0.797769486901753
0.1578,0.7171412136899626,0.8855544703897719,0.7924993047554726
0.14867,0.707320520067835,0.8887507768800498,0.7877237851662404
0.14048,0.6976938038343985,0.8917695107875344,0.782883198877587
0.13238,0.6882513661202185,0.8946106721122259,0.7779793846272633
0.12505,0.6787825853265251,0.8970079019799343,0.7727846406853559
0.11785,0.6695531464833422,0.8993163455562461,0.7676101701337577
0.11189,0.6611371324486078,0.9023350794637308,0.763131218321757
0.10586,0.6525358606557377,0.9047323093314392,0.7582127311283903
0.10102,0.6445775535939471,0.9076622569475273,0.7538251668325775
0.09666,0.6358047690014903,0.9090828376098731,0.7482734680454561
0.09221,0.6274773672620504,0.9107697771464086,0.7430371953207054
0.08819,0.619334619093539,0.9123679303915475,0.7378208580147191
0.08357,0.6116654787360418,0.914321228802273,0.7329798213459555
0.07939,0.6041569086651054,0.9161857409216017,0.7281515718166743
0.07583,0.5966866774416993,0.9177838941667407,0.7231958582572497
0.07239,0.5891393442622951,0.9189381159548966,0.7179771773438314
0.06935,0.5820794969683359,0.9205362692000355,0.7131900257953568
0.06629,0.5748781568453699,0.9216017046967948,0.7080732630717282
0.06356,0.5684699453551912,0.9236437893989168,0.7037851368264384
0.06092,0.5617989646246765,0.9249755837698659,0.6990304290938372
0.05859,0.5551948051948052,0.9261298055580218,0.6942198262952981
0.05638,0.5489701555275326,0.9276391725117642,0.6897507839577488
0.05435,0.5427474579788338,0.9288821805913167,0.6851566848947248
0.05227,0.5367827868852459,0.9303027612536624,0.6807653575025175
0.0504,0.5307124063954665,0.9312794104590252,0.6761207980146324
0.04851,0.5248400639744102,0.9323448459557844,0.6716126762815388
0.04679,0.5187635789057871,0.9327887774127674,0.6667301285102332
0.04518,0.5131245120999219,0.9337654266181301,0.6623004502660663
0.04378,0.5076663452266152,0.9348308621148894,0.6580008124238352
0.04225,0.5023827678231033,0.9359850839030454,0.6538282630942412
0.04105,0.497456189937818,0.9375832371481844,0.6500261610907636
0.03986,0.49236214605067063,0.9386486726449437,0.6459141591568657
0.0387,0.4873825750598637,0.939714108141703,0.6418630037296462
0.03745,0.4822859744990893,0.9403356121814792,0.637570357884598
0.03618,0.47734642406773553,0.9410459025126521,0.6334000657363971
0.03523,0.472647897362794,0.9420225517180147,0.6294681261309365
0.0342,0.46822668781949583,0.9433543460889638,0.6258283021646297
0.03324,0.4636815486571329,0.94424220900293,0.6219480101757362
0.03223,0.4592320966350302,0.945130071916896,0.6181226954678745
0.03131,0.45491803278688525,0.9461067211222587,0.6144088563438751
0.03039,0.4503971607233395,0.9464618662878451,0.6103461109043543
0.02951,0.4462194713951154,0.9473497292018113,0.606680881307747
0.02873,0.44216757741347906,0.9483263784071739,0.6031226178040034
0.02798,0.4379508196721312,0.948770309864157,0.5992765611417996
0.02722,0.43389871774062655,0.9493918139039332,0.5955941738379703
0.02648,0.4298457087753134,0.9498357453609163,0.5918508478327018
0.02573,0.4260703485596053,0.9507236082748823,0.5884324769885974
0.02505,0.42224936948297603,0.9513451123146586,0.5848958759791479
0.02435,0.41850117096018735,0.9519666163544349,0.5814060678361305
0.02378,0.414901020723786,0.9527656929770043,0.5780698682899238
0.0232,0.4111383483989582,0.9530320518511942,0.5744561290840491
0.02261,0.40744535519125685,0.953298410725384,0.5708892728964509
0.02201,0.40393292224394645,0.9538311284737636,0.5675268760400434
0.0215,0.40048435171385993,0.9543638462221433,0.5642075427131723
0.02101,0.39698715108551175,0.9546302050963331,0.5607739849271128
0.02055,0.3936255854800937,0.9550741365533162,0.5574874970848125
0.0201,0.3904323226461628,0.9557844268844891,0.5543968070039913
0.01967,0.3871512798389416,0.9561395720500755,0.5511399984646485
0.01924,0.3839272986457591,0.9564947172156619,0.5479236070493095
0.01882,0.3807235726399096,0.9567610760898517,0.5446963378573053
0.01842,0.37760963990472185,0.9571162212554382,0.5415588656401497
0.01802,0.37461794943039733,0.9576489390038178,0.5385594807140183
0.01767,0.37177985948477754,0.9584480156263873,0.5357453038536937
0.01729,0.36875,0.9586255882091805,0.5326196877389439
0.01689,0.36587183308494786,0.9590695196661635,0.5296785740554589
0.01652,0.36300725611394785,0.9594246648317499,0.5267236967171163
0.0162,0.3602558976409436,0.9599573825801296,0.5239006662628709
0.01583,0.35751586462189316,0.9604013140371127,0.521062646017486
0.01553,0.35498360655737704,0.9612891769510787,0.5184972343940809
0.01523,0.3521662763466042,0.9612891769510787,0.515485514319042
0.01492,0.34949012520975864,0.9615555358252685,0.5126505881517598
0.01459,0.34685578893442626,0.9618218946994584,0.5098482174373457
0.01429,0.3442622950819672,0.9620882535736482,0.5070778445915908
0.01401,0.3417402269861286,0.9624433987392347,0.5043854547146547
0.01375,0.33928794894256037,0.9628873301962178,0.5017697272537996
0.01349,0.3368417784401391,0.9632424753618042,0.49913735593844166
0.01324,0.3343707629730063,0.9634200479445973,0.4964428685805787
0.01299,0.3318754587717152,0.9634200479445973,0.49368729952910667
0.01275,0.32944748026715237,0.963508834235994,0.4910073976879397
0.01253,0.327145612343298,0.9638639794015804,0.4884919117150764
0.01228,0.3248474332894579,0.9641303382757702,0.48595914166163207
0.01205,0.32249346638156334,0.9641303382757702,0.4833203516190053
0.01184,0.32035027715532494,0.9646630560241499,0.4809756745390558
0.01164,0.3180913348946136,0.9647518423155464,0.478436034608018
0.01144,0.3159806999186141,0.9651957737725295,0.4760987146079226
0.01125,0.3138420688062803,0.9654621326467193,0.4736991135022108
0.01105,0.3117906683480454,0.9659060641037024,0.47141154804463226
0.01085,0.30968237704918034,0.9660836366864956,0.4690187288519149
0.01069,0.3076314301865461,0.9663499955606855,0.46669382329610026
0.01051,0.3056366494498091,0.9667051407262719,0.46443577110926276
0.01035,0.3036411285825806,0.9669714996004617,0.4621586641488617
0.01019,0.30164488258750555,0.9671490721832549,0.4598627968337732
0.01004,0.2997579491693256,0.9675930036402379,0.4577164577164578
0.00988,0.2978415300546448,0.9678593625144277,0.4555084303115141
0.00973,0.29589621105200303,0.9679481488058244,0.4532396532729125
0.00958,0.29405737704918034,0.9683032939714108,0.451117867262311
0.00944,0.29218900675024106,0.9684808665542041,0.44893507562506424
0.00929,0.29031828826910794,0.9685696528456006,0.4467331435942587
0.00917,0.28852459016393445,0.9688360117197905,0.44463459853717174
0.00901,0.28672761664564944,0.9690135843025837,0.4425162689804772
0.00888,0.28500574292575964,0.9693687294681701,0.4404994855863308
0.00875,0.28322784810126583,0.9694575157595667,0.43838201344976413
0.00861,0.2814723167336839,0.9695463020509634,0.43628518348348944
0.00849,0.2797387295081967,0.9696350883423599,0.43420869530644296
0.00836,0.27805213318399347,0.9698126609251532,0.43219182147308444
0.00824,0.27641165755919855,0.970079019799343,0.43023370282136597
0.00812,0.2747410238358644,0.9701678060907396,0.4282159302439502
0.008,0.2730907636945222,0.9702565923821362,0.426217359932916
0.00789,0.27146050670640837,0.9703453786735328,0.4242377190769171
0.00776,0.2699486470472052,0.9707893101305158,0.42243127861378876
0.00765,0.2684058113281633,0.9710556690047056,0.42056488050604673
0.00755,0.26683255269320844,0.9711444552961023,0.41863936465410007
0.00744,0.2652779125036376,0.9712332415874989,0.4167317472713766
0.00735,0.26374156219864997,0.9713220278788955,0.414841779951842
0.00725,0.26227111494583455,0.9715883867530853,0.4130447090795855
0.00716,0.26079393823865804,0.9717659593358785,0.41122654092540056
0.00706,0.25933383871884774,0.9719435319186718,0.4094249649368864
0.00696,0.25796118334275486,0.9723874633756548,0.4077514473463765
0.00687,0.25653395784543326,0.972565035958448,0.40598187647091527
0.00679,0.2551229508196721,0.9727426085412413,0.4042282362056561
0.00671,0.25368157821617116,0.9727426085412413,0.4024168518484509
0.00663,0.25225640081046236,0.9727426085412413,0.4006216290337326
0.00653,0.25091583478340507,0.9730089674154311,0.3989515644624038
0.00645,0.24952185792349726,0.9730089674154311,0.39718753964083137
0.00636,0.24823385562901912,0.9733641125810175,0.3955833799411839
0.00628,0.24693748874076743,0.9736304714552073,0.3939573566129583
0.00618,0.2457000806234883,0.9740744029121904,0.3924170616113744
0.00611,0.24438702779757662,0.974163189203587,0.3907476984989049
0.00603,0.24308817013735046,0.9742519754949835,0.3890927787529032
0.00596,0.24178124449145072,0.9742519754949835,0.38741680936324957
0.00587,0.2405321293942316,0.9744295480777768,0.38582552600587083
0.00581,0.23929630275549355,0.97460712066057,0.3842478340771856
0.00573,0.23807355364732413,0.9747846932433633,0.38268356018752503
0.00566,0.23684210526315788,0.9748734795347598,0.38109782552105925
0.00559,0.23562355162646983,0.9749622658261564,0.37952546356299793
0.00552,0.2344176912568306,0.975051052117553,0.3779663058629175
0.00546,0.23322432684957106,0.9751398384089497,0.37642018678776457
0.00539,0.23206439073854995,0.9753174109917429,0.37492107373845973
0.00533,0.2309163514081547,0.9754949835745361,0.3734343932158456
0.00526,0.2297591167614587,0.9755837698659326,0.3719261428063702
0.0052,0.22869684613464258,0.9760277013229157,0.3705651345839443
0.00514,0.2275625103493956,0.9761164876143124,0.36908099034830044
0.00508,0.22643957492379932,0.976205273905709,0.36760895367692537
0.00502,0.225327868852459,0.9762940601971055,0.36614887701247023
0.00496,0.22422722453307234,0.9763828464885022,0.36470061518563346
0.0049,0.2231983444246064,0.9767379916540886,0.3633631153903321
0.00485,0.2221190341597351,0.9768267779454852,0.36193765934698574
0.00479,0.22103021536483447,0.9768267779454852,0.3604908337292551
0.00475,0.22001199520191922,0.977093136819675,0.3591534356999494
0.0047,0.21900366067165367,0.9773594956938648,0.3578266452126708
0.00464,0.21798526966025183,0.9775370682766581,0.35647795891275835
0.00459,0.21695696721311475,0.9776258545680547,0.3551076352495364
0.00455,0.21597772374303867,0.9778922134422445,0.35381230022968563
0.00449,0.2149687743950039,0.9779809997336412,0.3524630817720749
0.00445,0.2140082355683319,0.978247358607831,0.351188104610579
0.0044,0.21301809464893287,0.9783361448992276,0.34985950373862934
0.00435,0.21201800969752943,0.9783361448992276,0.3485095279512928
0.0043,0.21104642255247433,0.9784249311906241,0.3472014366956001
0.00425,0.21008387342737322,0.9785137174820208,0.3459033629929538
0.0042,0.20913023679417123,0.9786025037734174,0.3446151922084825
0.00416,0.20822316234796404,0.9788688626476072,0.34339910607216834
0.00412,0.207324409685667,0.979135221521797,0.3421922271352106
0.00408,0.20641515083464332,0.9793127941045903,0.34096353884913216
0.00403,0.20551415797317438,0.9794903666873834,0.339744083273024
0.00399,0.20460277427490542,0.9795791529787801,0.33850307576664057
0.00395,0.20369960124058484,0.9796679392701767,0.3372713239901576
0.00391,0.2028045284128501,0.9797567255615733,0.33604872478111913
0.00387,0.20191744730679156,0.9798455118529699,0.33483517650449796
0.00382,0.20107468123861566,0.9801118707271598,0.33369103577528225
0.00379,0.20018497025968374,0.9801118707271598,0.332464950984083
0.00375,0.19932115259623023,0.9802006570185563,0.33127785029481926
0.00371,0.19846491228070176,0.9802894433099529,0.3300994095223858
0.00367,0.19759825327510916,0.9802894433099529,0.3288997453045175
0.00364,0.1967569493941554,0.9803782296013496,0.32773845035097876
0.0036,0.1959051877084664,0.9803782296013496,0.3265559613763733
0.00356,0.1950607687959299,0.9803782296013496,0.325381974628339
0.00353,0.19424118764511364,0.9804670158927462,0.3242457608456288
0.0035,0.19341109709962168,0.9804670158927462,0.3230884009420852
0.00346,0.19258807115451693,0.9804670158927462,0.32193927379269127
0.00343,0.19178938594053904,0.9805558021841427,0.32082734178686073
0.0034,0.19101473334716745,0.980733374766936,0.3197522108523541
0.00336,0.19021215043394407,0.980733374766936,0.3186269560827865
0.00334,0.1894334316482612,0.9808221610583326,0.31753833771683987
0.0033,0.1886441256830601,0.9808221610583326,0.3164286839580081
0.00327,0.18787837562070608,0.9809109473497292,0.3153553027816233
0.00324,0.1871697601950955,0.9812660925153156,0.3143747066604088
0.00321,0.1864163799500776,0.9813548788067122,0.3133158528807313
0.00318,0.18566917495296964,0.9814436650981089,0.3122642975183266
0.00315,0.18491134158581465,0.9814436650981089,0.3111918134087806
0.00311,0.18417632946821272,0.9815324513895055,0.3101547266682565
0.00308,0.18344726886573307,0.981621237680902,0.3091247151584628
0.00305,0.18272408778424115,0.9817100239722987,0.3081017067223964
0.00302,0.1820067153861347,0.9817988102636953,0.30708563018092444
0.003,0.18127868852459017,0.9817988102636953,0.3060487386352629
0.00297,0.18055646267389458,0.9817988102636953,0.3050188257685465
0.00294,0.17985623211033047,0.981887596555092,0.30402331239433134
0.00291,0.17914533791226592,0.981887596555092,0.3030070552777588
0.00289,0.17847231186265652,0.9820651691378851,0.3020521853111048
0.00286,0.17783670845387337,0.9824203143034715,0.301158090987031
0.00284,0.17715804303278687,0.9825091005948682,0.30018853337311974
0.00281,0.17646871212604454,0.9825091005948682,0.2991983344824323
0.00279,0.1758164951073834,0.9826866731776613,0.29826854409485953
0.00276,0.17513766694094562,0.9826866731776613,0.29729112666030966
0.00274,0.1744798234552333,0.982775459469058,0.29634686692636175
0.00271,0.1738584259782677,0.9830418183432478,0.29546212656944243
0.00269,0.1731948441997247,0.9830418183432478,0.29450333151573993
0.00266,0.17253630867044817,0.9830418183432478,0.2935507390468615
0.00264,0.17191381023348237,0.983219390926041,0.2926571439897462
0.00262,0.17126507887411074,0.983219390926041,0.2917166076156106
0.00259,0.17062122519413286,0.983219390926041,0.2907820972337101
0.00257,0.16999754405353965,0.9833081772174376,0.2898797293583385
0.00255,0.16936322485931002,0.9833081772174376,0.2889570151979649
0.00253,0.1687336217929185,0.9833081772174376,0.28804015656900606
0.00251,0.1681238615664845,0.9833969635088342,0.2871550237869929
0.00249,0.16751860141552236,0.9834857498002308,0.286275472624601
0.00246,0.16690272420443586,0.9834857498002308,0.28537568754750037
0.00244,0.166306371224404,0.9835745360916275,0.2845072231139647
0.00242,0.16569941366519086,0.9835745360916275,0.2836185819070905
0.0024,0.16509687034277198,0.9835745360916275,0.28273547465002613
0.00238,0.16449869327631267,0.9835745360916275,0.2818578498098134
0.00236,0.16393442622950818,0.9837521086744206,0.2810363850807218
0.00234,0.1633742186578606,0.9839296812572139,0.2802199886212782
0.00232,0.16278864798166756,0.9839296812572139,0.2793581971035683
0.0023,0.1622072599531616,0.9839296812572139,0.2785016900594348
0.00228,0.16167376465783792,0.9841960401314037,0.2777255815701454
0.00227,0.1611149866294617,0.9842848264228004,0.2769042474803612
0.00225,0.16056015756241673,0.9843736127141969,0.27608790387847854
0.00223,0.1600092357423228,0.9844623990055935,0.27527650541838905
0.00221,0.15944779982743745,0.9844623990055935,0.27444525574545503
0.00219,0.15890461997019373,0.9845511852969902,0.2736436882302861
0.00218,0.15839378534300566,0.98481754417118,0.27289613856392464
0.00216,0.15784380692167577,0.98481754417118,0.272079475072055
0.00214,0.1573259969368654,0.9849951167539732,0.27131659717042267
0.00212,0.1567976257772753,0.9850839030453697,0.2705338746449167
0.00211,0.1562728860345896,0.9851726893367664,0.26975579515480086
0.00209,0.1557377049180328,0.9851726893367664,0.2689580783168305
0.00207,0.15520617691489957,0.9851726893367664,0.26816506555495134
0.00206,0.15469220475075277,0.985261475628163,0.26740081205797656
0.00204,0.15416782439566545,0.985261475628163,0.26661701284192063
0.00202,0.15364698715108552,0.985261475628163,0.2658377951058249
0.00201,0.15312965722801788,0.985261475628163,0.26506311879710026
0.00199,0.15262955220596325,0.9853502619195597,0.2643167609407562
0.00198,0.15214649925982784,0.9855278345023528,0.2635984754034125
0.00196,0.15163934426229508,0.9855278345023528,0.2628369818737199
0.00195,0.1511627906976744,0.9857054070851461,0.26212709693413766
0.00193,0.15066225165562913,0.9857054070851461,0.261374203952867
0.00192,0.1501920683871666,0.9858829796679393,0.2606725746816128
0.0019,0.14971149698015532,0.9859717659593359,0.2599515443766898
0.00189,0.14923407686105886,0.9860605522507325,0.25923462063653235
0.00187,0.14875977713489769,0.986149338542129,0.25852176847789404
0.00186,0.1482752176002563,0.986149338542129,0.25778974364925555
0.00184,0.14779380455609964,0.986149338542129,0.25706185268761206
0.00183,0.14731550745397634,0.986149338542129,0.25633806067459813
0.00182,0.14684029613960867,0.986149338542129,0.2556183330840132
0.0018,0.14636814084655528,0.986149338542129,0.25490263577633193
0.00179,0.1459121479613283,0.9862381248335257,0.2542138206451465
0.00178,0.14545906876865866,0.9863269111249223,0.25352884121640895
0.00176,0.14500887543071944,0.986415697416319,0.25284766554011767
0.00175,0.14454852979443145,0.986415697416319,0.2521475664695937
0.00174,0.14409109773811996,0.986415697416319,0.25145133364264943
0.00173,0.1436494802709831,0.9865044837077155,0.2507815056821388
0.00171,0.14322352819878337,0.9866820562905088,0.2501378650610545
0.0017,0.14277455162135771,0.9866820562905088,0.2494528558120742
0.00169,0.14232838114754098,0.9866820562905088,0.24877158814904354
0.00168,0.14188499055206577,0.9866820562905088,0.248094031500106
0.00167,0.14144435393544447,0.9866820562905088,0.24742015562556358
0.00165,0.14101913414200884,0.9867708425819054,0.24677213433250075
0.00164,0.1405838899008298,0.9867708425819054,0.24610547060972776
0.00163,0.14015132408575032,0.9867708425819054,0.245442399213807
0.00162,0.13973398370713064,0.9868596288733019,0.2448049159205788
0.0016,0.1393066626560385,0.9868596288733019,0.24414888359271175
0.00159,0.13890693722510997,0.9870372014560952,0.24354017196998742
0.00158,0.13848472768947132,0.9870372014560952,0.2428910082041534
0.00157,0.13808991554893194,0.9872147740388884,0.24228887702515717
0.00156,0.13767272547174483,0.9872147740388884,0.2416464733176133
0.00155,0.13727039304760025,0.987303560330285,0.24102914241744428
0.00154,0.1368581696450549,0.987303560330285,0.2403934497108577
0.00153,0.1364484146461176,0.987303560330285,0.23976110134865616
0.00152,0.13604110594568142,0.987303560330285,0.2391320710084621
0.00151,0.13563622170179548,0.987303560330285,0.23850633264340945
0.0015,0.13523374033176047,0.987303560330285,0.23788386047854876
0.00149,0.13483364050829372,0.987303560330285,0.23726462900730783
0.00148,0.13443590115576187,0.987303560330285,0.23664861298800793
0.00146,0.13406460945033752,0.9874811329130783,0.23607823992018934
0.00145,0.13367145810297582,0.9874811329130783,0.23546847047116984
0.00144,0.13328060588630045,0.9874811329130783,0.2348618428693605
0.00144,0.1329278784113177,0.9877474917872681,0.2343215207203412
0.00143,0.132541460160122,0.9877474917872681,0.23372094244687444
0.00142,0.13215728201473034,0.9877474917872681,0.23312343492974863
0.00141,0.13177532455226001,0.9877474917872681,0.2325289746778559
0.0014,0.13139556857372325,0.9877474917872681,0.2319375384390864
0.00139,0.13101799510081025,0.9877474917872681,0.23134910319729657
0.00138,0.1306425853727277,0.9877474917872681,0.2307636461693235
0.00137,0.13026932084309134,0.9877474917872681,0.23018114480204427
0.00136,0.12992153565924058,0.9879250643700612,0.22964285345743857
0.00135,0.12955244038748137,0.9879250643700612,0.22906609298926414
0.00134,0.12919704639390703,0.9880138506614579,0.22851275732840495
0.00133,0.12884366027600258,0.9881026369528545,0.22796218724075418
0.00132,0.12849226506580466,0.9881914232442511,0.22741436204448168
0.00131,0.12813133173696814,0.9881914232442511,0.22684887951328378
0.0013,0.12777242044358728,0.9881914232442511,0.22628620223439835
0.0013,0.12742696217602345,0.9882802095356477,0.2257465902753131
0.00129,0.12707201242065846,0.9882802095356477,0.22518941118158184
0.00128,0.12674180327868853,0.9884577821184409,0.22467533777988555
0.00127,0.1264020707506471,0.9885465684098376,0.22414365808731013
0.00126,0.12605289375962322,0.9885465684098376,0.2235945015111807
0.00125,0.12570564060877026,0.9885465684098376,0.22304802924825964
0.00124,0.12537155467483335,0.9886353547012341,0.22252420587735688
0.00124,0.12502807096339547,0.9886353547012341,0.22198299492638776
0.00123,0.12468646421212935,0.9886353547012341,0.2214444101941989
0.00122,0.12434671907803636,0.9886353547012341,0.2209084326115206
0.00121,0.12400882038488953,0.9886353547012341,0.2203750432932562
0.00121,0.12367275312097384,0.9886353547012341,0.21984422353626396
0.0012,0.12333850243686309,0.9886353547012341,0.21931595481717103
0.00119,0.12300605364323274,0.9886353547012341,0.2187902187902188
0.00118,0.12268640930724485,0.9887241409926307,0.21828659917084023
0.00118,0.12235749131982596,0.9887241409926307,0.2177658274260572
0.00117,0.12204129043569738,0.9888129272840274,0.2172670431822394
0.00116,0.12172677595628416,0.988901713575424,0.21677062756050328
0.00115,0.12140303453086851,0.988901713575424,0.21625714757249512
0.00115,0.12109188154976736,0.9889904998668205,0.2157654647412616
0.00114,0.12080405932864949,0.9892568587410104,0.21531474950480697
0.00113,0.12048531510878498,0.9892568587410104,0.2148083170263835
0.00112,0.12016824849007765,0.9892568587410104,0.21430426127347738
0.00112,0.11986360311518438,0.989345645032407,0.21382175443982848
0.00111,0.11954982404943781,0.989345645032407,0.21332235740061833
0.0011,0.11923768351667166,0.989345645032407,0.21282528768562287
0.0011,0.11892716871584699,0.989345645032407,0.21233052906372962
0.00109,0.11861826697892272,0.989345645032407,0.2118380654544072
0.00108,0.11832158328378493,0.9894344313238036,0.21136684780031675
0.00108,0.11801584275850384,0.9894344313238036,0.2108788827809369
0.00107,0.11771167821531181,0.9894344313238036,0.21039316562042762
0.00106,0.1174196131316111,0.9895232176152002,0.20992851693837764
0.00106,0.11711853720050441,0.9895232176152002,0.20944720596111746
0.00105,0.11681900129973587,0.9895232176152002,0.20896809697469695
0.00104,0.11653144864503179,0.9896120039065969,0.20850988205142595
0.00104,0.11623493096400117,0.9896120039065969,0.2080350893565396
0.00103,0.11593991844886412,0.9896120039065969,0.2075624540265738
0.00102,0.1156463996679809,0.9896120039065969,0.20709196139089395
0.00102,0.11535436330518298,0.9896120039065969,0.20662359691158344
0.00101,0.11506379815831853,0.9896120039065969,0.20615734618194595
0.00101,0.11477469313782025,0.9896120039065969,0.20569319492502883
0.001,0.11448703726529438,0.9896120039065969,0.20523112899216528
